flight_id,aircraft_id,orig_code,dest_code,dep_hhmm,arr_hhmm,dep_min,arr_min,pax,capacity,load_factor,duration_min,route_str
V0013,AC_026,BH,FL,06:00,08:00,360,480,200,200,1.0,120,BH->FL
V0016,AC_030,BH,RE,06:00,09:00,360,540,200,200,1.0,180,BH->RE
V0018,AC_032,BR,CR,06:00,09:00,360,540,200,200,1.0,180,BR->CR
V0020,AC_037,BR,RE,06:00,09:00,360,540,200,200,1.0,180,BR->RE
V0019,AC_034,CR,BE,06:00,11:00,360,660,200,200,1.0,300,CR->BE
V0029,AC_070,CR,SP,06:00,07:00,360,420,200,200,1.0,60,CR->SP
V0023,AC_046,FO,PA,06:00,12:00,360,720,200,200,1.0,360,FO->PA
V0005,AC_006,MA,NA,06:00,09:00,360,540,200,200,1.0,180,MA->NA
V0014,AC_027,MA,SP,06:00,11:00,360,660,200,200,1.0,300,MA->SP
V0024,AC_047,NA,BE,06:00,08:00,360,480,200,200,1.0,120,NA->BE
V0025,AC_054,NA,BH,06:00,09:00,360,540,200,200,1.0,180,NA->BH
V0026,AC_055,NA,SP,06:00,10:00,360,600,200,200,1.0,240,NA->SP
V0004,AC_005,PA,BE,06:00,12:00,360,720,50,200,0.25,360,PA->BE
V0002,AC_003,PA,CI,06:00,10:00,360,600,200,200,1.0,240,PA->CI
V0007,AC_009,PA,FL,06:00,07:00,360,420,200,200,1.0,60,PA->FL
V0017,AC_031,PA,RJ,06:00,09:00,360,540,100,200,0.5,180,PA->RJ
V0027,AC_064,RE,SP,06:00,09:00,360,540,200,200,1.0,180,RE->SP
V0008,AC_010,RJ,BH,06:00,07:00,360,420,200,200,1.0,60,RJ->BH
V0022,AC_042,RJ,CR,06:00,08:00,360,480,200,200,1.0,120,RJ->CR
V0001,AC_002,RJ,FL,06:00,08:00,360,480,200,200,1.0,120,RJ->FL
V0021,AC_041,RJ,PA,06:00,09:00,360,540,200,200,1.0,180,RJ->PA
V0009,AC_012,RJ,RE,06:00,09:00,360,540,200,200,1.0,180,RJ->RE
V0006,AC_007,RJ,SP,06:00,07:00,360,420,200,200,1.0,60,RJ->SP
V0030,AC_071,SA,BR,06:00,08:00,360,480,200,200,1.0,120,SA->BR
V0028,AC_068,SA,FO,06:00,08:00,360,480,200,200,1.0,120,SA->FO
V0011,AC_017,SP,BR,06:00,08:00,360,480,200,200,1.0,120,SP->BR
V0015,AC_029,SP,FL,06:00,07:00,360,420,200,200,1.0,60,SP->FL
V0003,AC_004,SP,MA,06:00,11:00,360,660,200,200,1.0,300,SP->MA
V0012,AC_025,SP,RJ,06:00,07:00,360,420,200,200,1.0,60,SP->RJ
V0010,AC_015,SP,SA,06:00,08:00,360,480,200,200,1.0,120,SP->SA
V0038,AC_086,BE,RE,07:00,09:00,420,540,200,200,1.0,120,BE->RE
V0052,AC_108,BE,RJ,07:00,11:00,420,660,200,200,1.0,240,BE->RJ
V0041,AC_090,BE,SA,07:00,10:00,420,600,100,200,0.5,180,BE->SA
V0040,AC_089,BH,BR,07:00,08:00,420,480,200,200,1.0,60,BH->BR
V0033,AC_079,BH,FO,07:00,10:00,420,600,200,200,1.0,180,BH->FO
V0053,AC_109,BH,PA,07:00,10:00,420,600,200,200,1.0,180,BH->PA
V0091,AC_158,BH,RE,07:00,10:00,420,600,200,200,1.0,180,BH->RE
V0044,AC_095,BH,RJ,07:00,08:00,420,480,200,200,1.0,60,BH->RJ
V0034,AC_081,BH,SA,07:00,09:00,420,540,200,200,1.0,120,BH->SA
V0046,AC_097,BH,SP,07:00,08:00,420,480,100,200,0.5,60,BH->SP
V0037,AC_084,BR,BH,07:00,08:00,420,480,200,200,1.0,60,BR->BH
V0036,AC_083,BR,SP,07:00,09:00,420,540,200,200,1.0,120,BR->SP
V0062,AC_119,CI,BH,07:00,09:00,420,540,200,200,1.0,120,CI->BH
V0070,AC_131,CI,FL,07:00,10:00,420,600,100,200,0.5,180,CI->FL
V0058,AC_115,CI,FO,07:00,11:00,420,660,200,200,1.0,240,CI->FO
V0055,AC_111,CI,MA,07:00,10:00,420,600,200,200,1.0,180,CI->MA
V0039,AC_088,CR,BH,07:00,09:00,420,540,200,200,1.0,120,CR->BH
V0047,AC_098,CR,SP,07:00,08:00,420,480,200,200,1.0,60,CR->SP
V0067,AC_128,FL,BH,07:00,09:00,420,540,200,200,1.0,120,FL->BH
V0066,AC_126,FL,BR,07:00,10:00,420,600,200,200,1.0,180,FL->BR
V0074,AC_135,FL,CI,07:00,10:00,420,600,200,200,1.0,180,FL->CI
V0056,AC_112,FL,MA,07:00,13:00,420,780,100,200,0.5,360,FL->MA
V0061,AC_118,FL,RE,07:00,11:00,420,660,200,200,1.0,240,FL->RE
V0064,AC_121,FL,SA,07:00,10:00,420,600,200,200,1.0,180,FL->SA
V0080,AC_144,FL,SP,07:00,08:00,420,480,200,200,1.0,60,FL->SP
V0089,AC_156,FO,CR,07:00,12:00,420,720,200,200,1.0,300,FO->CR
V0087,AC_154,FO,PA,07:00,13:00,420,780,200,200,1.0,360,FO->PA
V0084,AC_149,FO,RE,07:00,08:00,420,480,200,200,1.0,60,FO->RE
V0065,AC_123,MA,BH,07:00,11:00,420,660,200,200,1.0,240,MA->BH
V0059,AC_116,MA,CI,07:00,10:00,420,600,200,200,1.0,180,MA->CI
V0049,AC_102,MA,SP,07:00,12:00,420,720,200,200,1.0,300,MA->SP
V0085,AC_150,NA,FO,07:00,08:00,420,480,200,200,1.0,60,NA->FO
V0077,AC_141,NA,SA,07:00,09:00,420,540,200,200,1.0,120,NA->SA
V0072,AC_133,NA,SP,07:00,11:00,420,660,200,200,1.0,240,NA->SP
V0048,AC_099,PA,BR,07:00,11:00,420,660,200,200,1.0,240,PA->BR
V0079,AC_143,PA,FL,07:00,08:00,420,480,100,200,0.5,60,PA->FL
V0090,AC_157,PA,MA,07:00,13:00,420,780,100,200,0.5,360,PA->MA
V0081,AC_146,PA,NA,07:00,13:00,420,780,200,200,1.0,360,PA->NA
V0076,AC_137,PA,RE,07:00,12:00,420,720,200,200,1.0,300,PA->RE
V0032,AC_078,PA,RJ,07:00,10:00,420,600,200,200,1.0,180,PA->RJ
V0060,AC_117,RE,BH,07:00,10:00,420,600,200,200,1.0,180,RE->BH
V0054,AC_110,RE,FL,07:00,11:00,420,660,200,200,1.0,240,RE->FL
V0068,AC_129,RE,MA,07:00,10:00,420,600,200,200,1.0,180,RE->MA
V0073,AC_134,RJ,BE,07:00,11:00,420,660,200,200,1.0,240,RJ->BE
V0082,AC_147,RJ,BH,07:00,08:00,420,480,200,200,1.0,60,RJ->BH
V0078,AC_142,RJ,BR,07:00,09:00,420,540,200,200,1.0,120,RJ->BR
V0083,AC_148,RJ,CI,07:00,10:00,420,600,200,200,1.0,180,RJ->CI
V0075,AC_136,RJ,NA,07:00,11:00,420,660,200,200,1.0,240,RJ->NA
V0086,AC_151,RJ,SP,07:00,08:00,420,480,200,200,1.0,60,RJ->SP
V0043,AC_094,SA,BH,07:00,09:00,420,540,200,200,1.0,120,SA->BH
V0050,AC_105,SA,FO,07:00,09:00,420,540,200,200,1.0,120,SA->FO
V0042,AC_091,SA,RJ,07:00,09:00,420,540,200,200,1.0,120,SA->RJ
V0088,AC_155,SP,BE,07:00,11:00,420,660,200,200,1.0,240,SP->BE
V0063,AC_120,SP,BR,07:00,09:00,420,540,200,200,1.0,120,SP->BR
V0057,AC_114,SP,CI,07:00,10:00,420,600,200,200,1.0,180,SP->CI
V0045,AC_096,SP,CR,07:00,08:00,420,480,200,200,1.0,60,SP->CR
V0035,AC_082,SP,FL,07:00,08:00,420,480,200,200,1.0,60,SP->FL
V0031,AC_077,SP,PA,07:00,09:00,420,540,200,200,1.0,120,SP->PA
V0071,AC_132,SP,RE,07:00,10:00,420,600,200,200,1.0,180,SP->RE
V0051,AC_106,SP,RJ,07:00,08:00,420,480,200,200,1.0,60,SP->RJ
V0069,AC_130,SP,SA,07:00,09:00,420,540,200,200,1.0,120,SP->SA
V0120,AC_196,BE,BR,08:00,11:00,480,660,200,200,1.0,180,BE->BR
V0092,AC_160,BE,FL,08:00,13:00,480,780,200,200,1.0,300,BE->FL
V0119,AC_195,BE,PA,08:00,14:00,480,840,200,200,1.0,360,BE->PA
V0135,AC_219,BE,RJ,08:00,12:00,480,720,200,200,1.0,240,BE->RJ
V0099,AC_167,BH,FL,08:00,10:00,480,600,200,200,1.0,120,BH->FL
V0111,AC_185,BH,RJ,08:00,09:00,480,540,200,200,1.0,60,BH->RJ
V0102,AC_172,BH,SP,08:00,09:00,480,540,200,200,1.0,60,BH->SP
V0127,AC_209,BR,BH,08:00,09:00,480,540,200,200,1.0,60,BR->BH
V0128,AC_211,BR,CI,08:00,09:00,480,540,200,200,1.0,60,BR->CI
V0133,AC_217,BR,CR,08:00,11:00,480,660,200,200,1.0,180,BR->CR
V0105,AC_177,BR,FO,08:00,11:00,480,660,200,200,1.0,180,BR->FO
V0124,AC_205,BR,PA,08:00,12:00,480,720,200,200,1.0,240,BR->PA
V0132,AC_216,BR,RJ,08:00,10:00,480,600,200,200,1.0,120,BR->RJ
V0136,AC_220,BR,SP,08:00,10:00,480,600,200,200,1.0,120,BR->SP
V0123,AC_204,CR,FL,08:00,09:00,480,540,200,200,1.0,60,CR->FL
V0117,AC_193,CR,RJ,08:00,10:00,480,600,200,200,1.0,120,CR->RJ
V0130,AC_213,FL,CR,08:00,09:00,480,540,200,200,1.0,60,FL->CR
V0129,AC_212,FL,RJ,08:00,10:00,480,600,200,200,1.0,120,FL->RJ
V0094,AC_162,MA,BR,08:00,11:00,480,660,200,200,1.0,180,MA->BR
V0118,AC_194,MA,FL,08:00,14:00,480,840,200,200,1.0,360,MA->FL
V0107,AC_179,MA,RJ,08:00,13:00,480,780,200,200,1.0,300,MA->RJ
V0126,AC_207,NA,FO,08:00,09:00,480,540,200,200,1.0,60,NA->FO
V0134,AC_218,NA,RE,08:00,09:00,480,540,200,200,1.0,60,NA->RE
V0122,AC_201,NA,SP,08:00,12:00,480,720,200,200,1.0,240,NA->SP
V0101,AC_171,PA,BH,08:00,11:00,480,660,200,200,1.0,180,PA->BH
V0108,AC_181,PA,BR,08:00,12:00,480,720,200,200,1.0,240,PA->BR
V0106,AC_178,RE,BR,08:00,11:00,480,660,200,200,1.0,180,RE->BR
V0115,AC_191,RE,RJ,08:00,11:00,480,660,200,200,1.0,180,RE->RJ
V0100,AC_168,RE,SA,08:00,10:00,480,600,200,200,1.0,120,RE->SA
V0112,AC_186,RJ,BH,08:00,09:00,480,540,200,200,1.0,60,RJ->BH
V0095,AC_163,RJ,FL,08:00,10:00,480,600,200,200,1.0,120,RJ->FL
V0138,AC_223,RJ,PA,08:00,11:00,480,660,200,200,1.0,180,RJ->PA
V0121,AC_200,RJ,RE,08:00,11:00,480,660,200,200,1.0,180,RJ->RE
V0104,AC_174,SA,CR,08:00,11:00,480,660,200,200,1.0,180,SA->CR
V0096,AC_164,SA,FL,08:00,11:00,480,660,200,200,1.0,180,SA->FL
V0097,AC_165,SA,FO,08:00,10:00,480,600,200,200,1.0,120,SA->FO
V0131,AC_214,SA,NA,08:00,10:00,480,600,200,200,1.0,120,SA->NA
V0093,AC_161,SA,PA,08:00,12:00,480,720,200,200,1.0,240,SA->PA
V0109,AC_183,SA,RJ,08:00,10:00,480,600,200,200,1.0,120,SA->RJ
V0125,AC_206,SP,BR,08:00,10:00,480,600,200,200,1.0,120,SP->BR
V0113,AC_189,SP,CI,08:00,11:00,480,660,200,200,1.0,180,SP->CI
V0110,AC_184,SP,CR,08:00,09:00,480,540,200,200,1.0,60,SP->CR
V0114,AC_190,SP,FL,08:00,09:00,480,540,200,200,1.0,60,SP->FL
V0103,AC_173,SP,MA,08:00,13:00,480,780,200,200,1.0,300,SP->MA
V0116,AC_192,SP,NA,08:00,12:00,480,720,200,200,1.0,240,SP->NA
V0137,AC_221,SP,RE,08:00,11:00,480,660,200,200,1.0,180,SP->RE
V0098,AC_166,SP,RJ,08:00,09:00,480,540,200,200,1.0,60,SP->RJ
V0164,AC_047,BE,BH,09:00,13:00,540,780,200,200,1.0,240,BE->BH
V0177,AC_019,BH,BR,09:00,10:00,540,600,200,200,1.0,60,BH->BR
V0162,AC_010,BH,FO,09:00,12:00,540,720,200,200,1.0,180,BH->FO
V0172,AC_020,BH,RE,09:00,12:00,540,720,100,200,0.5,180,BH->RE
V0181,AC_071,BR,FO,09:00,12:00,540,720,200,200,1.0,180,BR->FO
V0176,AC_017,BR,NA,09:00,12:00,540,720,200,200,1.0,180,BR->NA
V0169,AC_011,BR,RE,09:00,12:00,540,720,200,200,1.0,180,BR->RE
V0145,AC_231,BR,RJ,09:00,11:00,540,660,200,200,1.0,120,BR->RJ
V0140,AC_225,BR,SP,09:00,11:00,540,660,200,200,1.0,120,BR->SP
V0163,AC_035,CI,NA,09:00,13:00,540,780,200,200,1.0,240,CI->NA
V0151,AC_237,CI,RJ,09:00,12:00,540,720,200,200,1.0,180,CI->RJ
V0147,AC_233,CR,FL,09:00,10:00,540,600,200,200,1.0,60,CR->FL
V0167,AC_042,CR,FO,09:00,14:00,540,840,200,200,1.0,300,CR->FO
V0144,AC_230,CR,PA,09:00,10:00,540,600,200,200,1.0,60,CR->PA
V0168,AC_096,CR,SP,09:00,10:00,540,600,200,200,1.0,60,CR->SP
V0160,AC_009,FL,BE,09:00,14:00,540,840,150,200,0.75,300,FL->BE
V0187,AC_082,FL,BR,09:00,12:00,540,720,200,200,1.0,180,FL->BR
V0161,AC_029,FL,CI,09:00,12:00,540,720,0,200,0.0,180,FL->CI
V0158,AC_247,FL,CR,09:00,10:00,540,600,200,200,1.0,60,FL->CR
V0166,AC_002,FL,FO,09:00,14:00,540,840,0,200,0.0,300,FL->FO
V0186,AC_026,FL,SA,09:00,12:00,540,720,0,200,0.0,180,FL->SA
V0141,AC_227,FL,SP,09:00,10:00,540,600,200,200,1.0,60,FL->SP
V0180,AC_150,FO,CR,09:00,14:00,540,840,100,200,0.5,300,FO->CR
V0156,AC_244,FO,RE,09:00,10:00,540,600,200,200,1.0,60,FO->RE
V0171,AC_068,FO,SA,09:00,11:00,540,660,200,200,1.0,120,FO->SA
V0148,AC_234,NA,BR,09:00,12:00,540,720,200,200,1.0,180,NA->BR
V0150,AC_236,PA,CR,09:00,10:00,540,600,200,200,1.0,60,PA->CR
V0155,AC_241,PA,RE,09:00,14:00,540,840,100,200,0.5,300,PA->RE
V0183,AC_145,RE,BR,09:00,12:00,540,720,200,200,1.0,180,RE->BR
V0154,AC_240,RE,FL,09:00,13:00,540,780,200,200,1.0,240,RE->FL
V0185,AC_149,RE,FO,09:00,10:00,540,600,0,200,0.0,60,RE->FO
V0149,AC_235,RE,PA,09:00,14:00,540,840,200,200,1.0,300,RE->PA
V0173,AC_044,RE,RJ,09:00,12:00,540,720,200,200,1.0,180,RE->RJ
V0143,AC_229,RE,SA,09:00,11:00,540,660,200,200,1.0,120,RE->SA
V0165,AC_048,RE,SP,09:00,12:00,540,720,200,200,1.0,180,RE->SP
V0153,AC_239,RJ,BE,09:00,13:00,540,780,200,200,1.0,240,RJ->BE
V0175,AC_025,RJ,BR,09:00,11:00,540,660,200,200,1.0,120,RJ->BR
V0174,AC_015,SA,CI,09:00,12:00,540,720,200,200,1.0,180,SA->CI
V0184,AC_060,SA,CR,09:00,12:00,540,720,200,200,1.0,180,SA->CR
V0142,AC_228,SA,FO,09:00,11:00,540,660,200,200,1.0,120,SA->FO
V0182,AC_097,SP,BE,09:00,13:00,540,780,200,200,1.0,240,SP->BE
V0159,AC_249,SP,BH,09:00,10:00,540,600,200,200,1.0,60,SP->BH
V0157,AC_245,SP,BR,09:00,11:00,540,660,200,200,1.0,120,SP->BR
V0179,AC_070,SP,CI,09:00,12:00,540,720,200,200,1.0,180,SP->CI
V0178,AC_050,SP,CR,09:00,10:00,540,600,200,200,1.0,60,SP->CR
V0170,AC_007,SP,FL,09:00,10:00,540,600,200,200,1.0,60,SP->FL
V0152,AC_238,SP,PA,09:00,11:00,540,660,200,200,1.0,120,SP->PA
V0139,AC_224,SP,RJ,09:00,10:00,540,600,200,200,1.0,60,SP->RJ
V0146,AC_232,SP,SA,09:00,11:00,540,660,200,200,1.0,120,SP->SA
V0225,AC_138,BE,SP,10:00,14:00,600,840,200,200,1.0,240,BE->SP
V0231,AC_054,BH,BE,10:00,14:00,600,840,200,200,1.0,240,BH->BE
V0213,AC_084,BH,BR,10:00,11:00,600,660,100,200,0.5,60,BH->BR
V0197,AC_089,BR,MA,10:00,13:00,600,780,200,200,1.0,180,BR->MA
V0210,AC_013,BR,NA,10:00,13:00,600,780,200,200,1.0,180,BR->NA
V0216,AC_043,BR,RE,10:00,13:00,600,780,200,200,1.0,180,BR->RE
V0233,AC_062,BR,RJ,10:00,12:00,600,720,200,200,1.0,120,BR->RJ
V0220,AC_052,BR,SA,10:00,12:00,600,720,200,200,1.0,120,BR->SA
V0235,AC_073,BR,SP,10:00,12:00,600,720,200,200,1.0,120,BR->SP
V0207,AC_008,CI,BE,10:00,13:00,600,780,200,200,1.0,180,CI->BE
V0221,AC_021,CI,FO,10:00,14:00,600,840,100,200,0.5,240,CI->FO
V0203,AC_045,CR,BH,10:00,12:00,600,720,100,200,0.5,120,CR->BH
V0192,AC_032,CR,BR,10:00,13:00,600,780,200,200,1.0,180,CR->BR
V0214,AC_213,CR,NA,10:00,15:00,600,900,200,200,1.0,300,CR->NA
V0204,AC_184,CR,SA,10:00,13:00,600,780,200,200,1.0,180,CR->SA
V0227,AC_190,FL,CR,10:00,11:00,600,660,100,200,0.5,60,FL->CR
V0224,AC_014,FL,FO,10:00,15:00,600,900,200,200,1.0,300,FL->FO
V0219,AC_143,FL,NA,10:00,15:00,600,900,200,200,1.0,300,FL->NA
V0198,AC_101,FL,RE,10:00,14:00,600,840,100,200,0.5,240,FL->RE
V0232,AC_204,FL,SP,10:00,11:00,600,660,200,200,1.0,60,FL->SP
V0195,AC_039,FO,RJ,10:00,14:00,600,840,200,200,1.0,240,FO->RJ
V0212,AC_105,FO,SA,10:00,12:00,600,720,200,200,1.0,120,FO->SA
V0209,AC_067,MA,CR,10:00,15:00,600,900,100,200,0.5,300,MA->CR
V0194,AC_001,MA,FO,10:00,13:00,600,780,200,200,1.0,180,MA->FO
V0201,AC_058,MA,RJ,10:00,15:00,600,900,200,200,1.0,300,MA->RJ
V0199,AC_022,MA,SP,10:00,15:00,600,900,200,200,1.0,300,MA->SP
V0222,AC_006,NA,CR,10:00,15:00,600,900,200,200,1.0,300,NA->CR
V0223,AC_103,NA,SP,10:00,14:00,600,840,100,200,0.5,240,NA->SP
V0226,AC_041,PA,RE,10:00,15:00,600,900,0,200,0.0,300,PA->RE
V0236,AC_077,PA,SP,10:00,12:00,600,720,200,200,1.0,120,PA->SP
V0196,AC_037,RE,BE,10:00,12:00,600,720,0,200,0.0,120,RE->BE
V0211,AC_218,RE,BH,10:00,13:00,600,780,100,200,0.5,180,RE->BH
V0202,AC_086,RE,BR,10:00,13:00,600,780,100,200,0.5,180,RE->BR
V0191,AC_012,RE,FO,10:00,11:00,600,660,200,200,1.0,60,RE->FO
V0193,AC_030,RE,SA,10:00,12:00,600,720,200,200,1.0,120,RE->SA
V0208,AC_074,RJ,BR,10:00,12:00,600,720,200,200,1.0,120,RJ->BR
V0200,AC_028,RJ,CR,10:00,12:00,600,720,200,200,1.0,120,RJ->CR
V0229,AC_106,RJ,FO,10:00,14:00,600,840,200,200,1.0,240,RJ->FO
V0217,AC_095,RJ,SA,10:00,12:00,600,720,200,200,1.0,120,RJ->SA
V0205,AC_053,RJ,SP,10:00,11:00,600,660,200,200,1.0,60,RJ->SP
V0237,AC_130,SA,BE,10:00,13:00,600,780,200,200,1.0,180,SA->BE
V0215,AC_038,SA,BH,10:00,12:00,600,720,200,200,1.0,120,SA->BH
V0218,AC_061,SA,BR,10:00,12:00,600,720,200,200,1.0,120,SA->BR
V0238,AC_139,SA,MA,10:00,13:00,600,780,200,200,1.0,180,SA->MA
V0230,AC_081,SA,NA,10:00,12:00,600,720,200,200,1.0,120,SA->NA
V0206,AC_064,SP,BE,10:00,14:00,600,840,200,200,1.0,240,SP->BE
V0228,AC_083,SP,FL,10:00,11:00,600,660,200,200,1.0,60,SP->FL
V0190,AC_151,SP,PA,10:00,12:00,600,720,200,200,1.0,120,SP->PA
V0234,AC_172,SP,RE,10:00,13:00,600,780,200,200,1.0,180,SP->RE
V0188,AC_098,SP,RJ,10:00,11:00,600,660,200,200,1.0,60,SP->RJ
V0189,AC_144,SP,SA,10:00,12:00,600,720,200,200,1.0,120,SP->SA
V0262,AC_075,BE,SP,11:00,15:00,660,900,200,200,1.0,240,BE->SP
V0268,AC_128,BH,BR,11:00,12:00,660,720,100,200,0.5,60,BH->BR
V0253,AC_088,BH,MA,11:00,15:00,660,900,200,200,1.0,240,BH->MA
V0263,AC_094,BH,RE,11:00,14:00,660,840,0,200,0.0,180,BH->RE
V0282,AC_206,BR,CR,11:00,14:00,660,840,200,200,1.0,180,BR->CR
V0250,AC_142,BR,FL,11:00,14:00,660,840,100,200,0.5,180,BR->FL
V0274,AC_069,BR,FO,11:00,14:00,660,840,200,200,1.0,180,BR->FO
V0279,AC_126,BR,MA,11:00,14:00,660,840,200,200,1.0,180,BR->MA
V0264,AC_019,BR,RE,11:00,14:00,660,840,100,200,0.5,180,BR->RE
V0246,AC_120,BR,SP,11:00,13:00,660,780,200,200,1.0,120,BR->SP
V0247,AC_211,CI,BH,11:00,13:00,660,780,0,200,0.0,120,CI->BH
V0255,AC_003,CI,BR,11:00,12:00,660,720,200,200,1.0,60,CI->BR
V0240,AC_050,CR,BR,11:00,14:00,660,840,200,200,1.0,180,CR->BR
V0244,AC_236,CR,MA,11:00,16:00,660,960,100,200,0.5,300,CR->MA
V0267,AC_247,CR,RJ,11:00,13:00,660,780,200,200,1.0,120,CR->RJ
V0275,AC_087,FL,PA,11:00,12:00,660,720,200,200,1.0,60,FL->PA
V0249,AC_207,FO,NA,11:00,12:00,660,720,200,200,1.0,60,FO->NA
V0280,AC_149,FO,RJ,11:00,15:00,660,900,200,200,1.0,240,FO->RJ
V0278,AC_079,FO,SP,11:00,15:00,660,900,200,200,1.0,240,FO->SP
V0257,AC_129,MA,BE,11:00,13:00,660,780,200,200,1.0,120,MA->BE
V0239,AC_111,MA,BR,11:00,14:00,660,840,200,200,1.0,180,MA->BR
V0245,AC_214,NA,BR,11:00,14:00,660,840,200,200,1.0,180,NA->BR
V0248,AC_226,NA,SA,11:00,13:00,660,780,200,200,1.0,120,NA->SA
V0256,AC_230,PA,CR,11:00,12:00,660,720,100,200,0.5,60,PA->CR
V0254,AC_109,PA,NA,11:00,17:00,660,1020,200,200,1.0,360,PA->NA
V0242,AC_158,RE,FO,11:00,12:00,660,720,200,200,1.0,60,RE->FO
V0243,AC_244,RE,NA,11:00,12:00,660,720,200,200,1.0,60,RE->NA
V0241,AC_132,RE,PA,11:00,16:00,660,960,200,200,1.0,300,RE->PA
V0272,AC_185,RJ,BH,11:00,12:00,660,720,200,200,1.0,60,RJ->BH
V0271,AC_166,RJ,BR,11:00,13:00,660,780,200,200,1.0,120,RJ->BR
V0252,AC_031,RJ,MA,11:00,16:00,660,960,200,200,1.0,300,RJ->MA
V0261,AC_063,RJ,NA,11:00,15:00,660,900,200,200,1.0,240,RJ->NA
V0251,AC_016,RJ,PA,11:00,14:00,660,840,200,200,1.0,180,RJ->PA
V0265,AC_091,RJ,SA,11:00,13:00,660,780,200,200,1.0,120,RJ->SA
V0269,AC_121,SA,CI,11:00,14:00,660,840,200,200,1.0,180,SA->CI
V0258,AC_153,SA,NA,11:00,13:00,660,780,200,200,1.0,120,SA->NA
V0260,AC_090,SA,RE,11:00,13:00,660,780,0,200,0.0,120,SA->RE
V0273,AC_168,SA,RJ,11:00,13:00,660,780,200,200,1.0,120,SA->RJ
V0277,AC_198,SA,SP,11:00,13:00,660,780,200,200,1.0,120,SA->SP
V0259,AC_055,SP,BH,11:00,12:00,660,720,200,200,1.0,60,SP->BH
V0270,AC_096,SP,CR,11:00,12:00,660,720,200,200,1.0,60,SP->CR
V0276,AC_127,SP,MA,11:00,16:00,660,960,200,200,1.0,300,SP->MA
V0266,AC_065,SP,NA,11:00,15:00,660,900,200,200,1.0,240,SP->NA
V0281,AC_220,SP,RJ,11:00,12:00,660,720,200,200,1.0,60,SP->RJ
V0309,AC_155,BE,BR,12:00,15:00,720,900,200,200,1.0,180,BE->BR
V0307,AC_134,BE,FO,12:00,14:00,720,840,200,200,1.0,120,BE->FO
V0291,AC_034,BE,NA,12:00,14:00,720,840,200,200,1.0,120,BE->NA
V0296,AC_186,BH,BE,12:00,16:00,720,960,100,200,0.5,240,BH->BE
V0331,AC_249,BH,FO,12:00,15:00,720,900,0,200,0.0,180,BH->FO
V0330,AC_208,BH,NA,12:00,15:00,720,900,200,200,1.0,180,BH->NA
V0329,AC_018,BH,RJ,12:00,13:00,720,780,200,200,1.0,60,BH->RJ
V0285,AC_025,BR,BE,12:00,15:00,720,900,200,200,1.0,180,BR->BE
V0320,AC_099,BR,CI,12:00,13:00,720,780,200,200,1.0,60,BR->CI
V0294,AC_084,BR,MA,12:00,15:00,720,900,100,200,0.5,180,BR->MA
V0324,AC_162,BR,RJ,12:00,14:00,720,840,200,200,1.0,120,BR->RJ
V0313,AC_114,CI,PA,12:00,16:00,720,960,200,200,1.0,240,CI->PA
V0315,AC_135,CI,RJ,12:00,15:00,720,900,0,200,0.0,180,CI->RJ
V0319,AC_148,CI,SA,12:00,15:00,720,900,0,200,0.0,180,CI->SA
V0314,AC_116,CI,SP,12:00,15:00,720,900,200,200,1.0,180,CI->SP
V0318,AC_174,CR,BE,12:00,17:00,720,1020,0,200,0.0,300,CR->BE
V0310,AC_113,CR,RJ,12:00,14:00,720,840,200,200,1.0,120,CR->RJ
V0322,AC_059,FL,BH,12:00,14:00,720,840,200,200,1.0,120,FL->BH
V0325,AC_083,FL,BR,12:00,15:00,720,900,200,200,1.0,180,FL->BR
V0293,AC_131,FL,PA,12:00,13:00,720,780,100,200,0.5,60,FL->PA
V0317,AC_167,FL,RJ,12:00,14:00,720,840,200,200,1.0,120,FL->RJ
V0326,AC_110,FL,SA,12:00,15:00,720,900,0,200,0.0,180,FL->SA
V0311,AC_163,FL,SP,12:00,13:00,720,780,200,200,1.0,60,FL->SP
V0298,AC_159,FO,BR,12:00,15:00,720,900,200,200,1.0,180,FO->BR
V0287,AC_243,FO,RJ,12:00,16:00,720,960,100,200,0.5,240,FO->RJ
V0295,AC_115,FO,SA,12:00,14:00,720,840,0,200,0.0,120,FO->SA
V0288,AC_012,FO,SP,12:00,16:00,720,960,200,200,1.0,240,FO->SP
V0289,AC_004,MA,FO,12:00,15:00,720,900,50,200,0.25,180,MA->FO
V0306,AC_076,MA,SA,12:00,15:00,720,900,200,200,1.0,180,MA->SA
V0304,AC_036,NA,BE,12:00,14:00,720,840,100,200,0.5,120,NA->BE
V0312,AC_140,NA,RE,12:00,13:00,720,780,100,200,0.5,60,NA->RE
V0303,AC_182,PA,FO,12:00,18:00,720,1080,200,200,1.0,360,PA->FO
V0316,AC_238,PA,SP,12:00,14:00,720,840,200,200,1.0,120,PA->SP
V0284,AC_118,RE,CR,12:00,16:00,720,960,200,200,1.0,240,RE->CR
V0323,AC_200,RE,MA,12:00,15:00,720,900,100,200,0.5,180,RE->MA
V0327,AC_221,RE,SA,12:00,14:00,720,840,0,200,0.0,120,RE->SA
V0308,AC_216,RJ,BE,12:00,16:00,720,960,200,200,1.0,240,RJ->BE
V0297,AC_193,RJ,CI,12:00,15:00,720,900,200,200,1.0,180,RJ->CI
V0283,AC_078,RJ,PA,12:00,15:00,720,900,200,200,1.0,180,RJ->PA
V0302,AC_212,RJ,SA,12:00,14:00,720,840,200,200,1.0,120,RJ->SA
V0290,AC_183,RJ,SP,12:00,13:00,720,780,200,200,1.0,60,RJ->SP
V0305,AC_232,SA,CI,12:00,15:00,720,900,0,200,0.0,180,SA->CI
V0292,AC_124,SA,CR,12:00,15:00,720,900,100,200,0.5,180,SA->CR
V0286,AC_068,SA,PA,12:00,16:00,720,960,200,200,1.0,240,SA->PA
V0301,AC_229,SA,SP,12:00,14:00,720,840,200,200,1.0,120,SA->SP
V0299,AC_227,SP,BE,12:00,16:00,720,960,200,200,1.0,240,SP->BE
V0321,AC_051,SP,CI,12:00,15:00,720,900,200,200,1.0,180,SP->CI
V0332,AC_133,SP,FL,12:00,13:00,720,780,200,200,1.0,60,SP->FL
V0300,AC_027,SP,FO,12:00,16:00,720,960,200,200,1.0,240,SP->FO
V0328,AC_053,SP,RJ,12:00,13:00,720,780,200,200,1.0,60,SP->RJ
V0361,AC_005,BE,SA,13:00,16:00,780,960,200,200,1.0,180,BE->SA
V0363,AC_037,BE,SP,13:00,17:00,780,1020,200,200,1.0,240,BE->SP
V0358,AC_045,BH,BR,13:00,14:00,780,840,200,200,1.0,60,BH->BR
V0362,AC_055,BH,CI,13:00,15:00,780,900,200,200,1.0,120,BH->CI
V0345,AC_123,BH,FO,13:00,16:00,780,960,200,200,1.0,180,BH->FO
V0366,AC_185,BH,RJ,13:00,14:00,780,840,0,200,0.0,60,BH->RJ
V0352,AC_038,BH,SA,13:00,15:00,780,900,0,200,0.0,120,BH->SA
V0372,AC_242,BH,SP,13:00,14:00,780,840,200,200,1.0,60,BH->SP
V0347,AC_196,BR,BE,13:00,16:00,780,960,200,200,1.0,180,BR->BE
V0369,AC_003,BR,BH,13:00,14:00,780,840,200,200,1.0,60,BR->BH
V0377,AC_074,BR,CI,13:00,14:00,780,840,200,200,1.0,60,BR->CI
V0346,AC_178,BR,FL,13:00,16:00,780,960,200,200,1.0,180,BR->FL
V0356,AC_245,BR,FO,13:00,16:00,780,960,200,200,1.0,180,BR->FO
V0374,AC_061,BR,SP,13:00,15:00,780,900,200,200,1.0,120,BR->SP
V0365,AC_015,CI,CR,13:00,16:00,780,960,100,200,0.5,180,CI->CR
V0371,AC_070,CI,SA,13:00,16:00,780,960,200,200,1.0,180,CI->SA
V0368,AC_029,CI,SP,13:00,16:00,780,960,200,200,1.0,180,CI->SP
V0336,AC_060,CR,BR,13:00,16:00,780,960,100,200,0.5,180,CR->BR
V0379,AC_096,CR,FL,13:00,14:00,780,840,0,200,0.0,60,CR->FL
V0333,AC_028,CR,SA,13:00,16:00,780,960,200,200,1.0,180,CR->SA
V0367,AC_125,FL,RJ,13:00,15:00,780,900,200,200,1.0,120,FL->RJ
V0340,AC_228,FO,RJ,13:00,17:00,780,1020,0,200,0.0,240,FO->RJ
V0341,AC_010,FO,SP,13:00,17:00,780,1020,200,200,1.0,240,FO->SP
V0378,AC_202,NA,FL,13:00,18:00,780,1080,100,200,0.5,300,NA->FL
V0357,AC_017,NA,MA,13:00,16:00,780,960,200,200,1.0,180,NA->MA
V0380,AC_207,NA,PA,13:00,19:00,780,1140,200,200,1.0,360,NA->PA
V0364,AC_081,NA,RE,13:00,14:00,780,840,0,200,0.0,60,NA->RE
V0343,AC_046,PA,BR,13:00,17:00,780,1020,100,200,0.5,240,PA->BR
V0375,AC_205,PA,RJ,13:00,16:00,780,960,200,200,1.0,180,PA->RJ
V0370,AC_161,PA,SA,13:00,17:00,780,1020,200,200,1.0,240,PA->SA
V0355,AC_137,RE,BH,13:00,16:00,780,960,0,200,0.0,180,RE->BH
V0351,AC_020,RE,CI,13:00,17:00,780,1020,200,200,1.0,240,RE->CI
V0348,AC_011,RE,RJ,13:00,16:00,780,960,200,200,1.0,180,RE->RJ
V0349,AC_191,RJ,BH,13:00,14:00,780,840,200,200,1.0,60,RJ->BH
V0344,AC_108,RJ,CI,13:00,16:00,780,960,200,200,1.0,180,RJ->CI
V0339,AC_098,RJ,CR,13:00,15:00,780,900,200,200,1.0,120,RJ->CR
V0335,AC_023,RJ,FL,13:00,15:00,780,900,200,200,1.0,120,RJ->FL
V0334,AC_224,RJ,PA,13:00,16:00,780,960,100,200,0.5,180,RJ->PA
V0360,AC_044,RJ,RE,13:00,16:00,780,960,200,200,1.0,180,RJ->RE
V0354,AC_231,RJ,SA,13:00,15:00,780,900,200,200,1.0,120,RJ->SA
V0342,AC_030,SA,CR,13:00,16:00,780,960,0,200,0.0,180,SA->CR
V0338,AC_026,SA,PA,13:00,17:00,780,1020,100,200,0.5,240,SA->PA
V0353,AC_095,SA,RJ,13:00,15:00,780,900,200,200,1.0,120,SA->RJ
V0350,AC_052,SA,SP,13:00,15:00,780,900,200,200,1.0,120,SA->SP
V0376,AC_073,SP,BH,13:00,14:00,780,840,200,200,1.0,60,SP->BH
V0337,AC_204,SP,FL,13:00,14:00,780,840,200,200,1.0,60,SP->FL
V0359,AC_225,SP,NA,13:00,17:00,780,1020,200,200,1.0,240,SP->NA
V0373,AC_048,SP,RJ,13:00,14:00,780,840,200,200,1.0,60,SP->RJ
V0423,AC_130,BE,BR,14:00,17:00,840,1020,100,200,0.5,180,BE->BR
V0418,AC_129,BE,FO,14:00,16:00,840,960,200,200,1.0,120,BE->FO
V0405,AC_097,BE,RE,14:00,16:00,840,960,50,200,0.25,120,BE->RE
V0416,AC_211,BH,RJ,14:00,15:00,840,900,0,200,0.0,60,BH->RJ
V0401,AC_047,BH,SP,14:00,15:00,840,900,200,200,1.0,60,BH->SP
V0400,AC_181,BR,BE,14:00,17:00,840,1020,100,200,0.5,180,BR->BE
V0408,AC_234,BR,BH,14:00,15:00,840,900,100,200,0.5,60,BR->BH
V0394,AC_145,BR,CI,14:00,15:00,840,900,200,200,1.0,60,BR->CI
V0391,AC_082,BR,PA,14:00,18:00,840,1080,200,200,1.0,240,BR->PA
V0392,AC_128,BR,RJ,14:00,16:00,840,960,200,200,1.0,120,BR->RJ
V0386,AC_099,CI,BR,14:00,15:00,840,900,100,200,0.5,60,CI->BR
V0397,AC_133,FL,BR,14:00,17:00,840,1020,0,200,0.0,180,FL->BR
V0407,AC_160,FL,NA,14:00,19:00,840,1140,200,200,1.0,300,FL->NA
V0409,AC_001,FO,BE,14:00,16:00,840,960,200,200,1.0,120,FO->BE
V0390,AC_071,FO,CI,14:00,18:00,840,1080,200,200,1.0,240,FO->CI
V0414,AC_139,MA,BR,14:00,17:00,840,1020,100,200,0.5,180,MA->BR
V0399,AC_089,MA,CR,14:00,19:00,840,1140,200,200,1.0,300,MA->CR
V0417,AC_157,MA,PA,14:00,20:00,840,1200,200,200,1.0,360,MA->PA
V0383,AC_244,NA,PA,14:00,20:00,840,1200,100,200,0.5,360,NA->PA
V0381,AC_080,PA,BE,14:00,20:00,840,1200,200,200,1.0,360,PA->BE
V0389,AC_131,PA,BR,14:00,18:00,840,1080,0,200,0.0,240,PA->BR
V0415,AC_172,RE,BH,14:00,17:00,840,1020,0,200,0.0,180,RE->BH
V0410,AC_140,RE,CI,14:00,18:00,840,1080,100,200,0.5,240,RE->CI
V0388,AC_043,RE,CR,14:00,18:00,840,1080,200,200,1.0,240,RE->CR
V0402,AC_090,RE,SA,14:00,16:00,840,960,0,200,0.0,120,RE->SA
V0412,AC_053,RJ,BR,14:00,16:00,840,960,200,200,1.0,120,RJ->BR
V0398,AC_018,RJ,CI,14:00,17:00,840,1020,200,200,1.0,180,RJ->CI
V0393,AC_220,RJ,CR,14:00,16:00,840,960,200,200,1.0,120,RJ->CR
V0387,AC_219,RJ,FL,14:00,16:00,840,960,200,200,1.0,120,RJ->FL
V0422,AC_179,RJ,FO,14:00,18:00,840,1080,200,200,1.0,240,RJ->FO
V0382,AC_062,RJ,MA,14:00,19:00,840,1140,200,200,1.0,300,RJ->MA
V0420,AC_168,RJ,NA,14:00,18:00,840,1080,200,200,1.0,240,RJ->NA
V0396,AC_237,RJ,SP,14:00,15:00,840,900,200,200,1.0,60,RJ->SP
V0384,AC_091,SA,BH,14:00,16:00,840,960,0,200,0.0,120,SA->BH
V0413,AC_226,SA,RE,14:00,16:00,840,960,200,200,1.0,120,SA->RE
V0406,AC_184,SA,SP,14:00,16:00,840,960,200,200,1.0,120,SA->SP
V0385,AC_102,SP,BR,14:00,16:00,840,960,200,200,1.0,120,SP->BR
V0421,AC_198,SP,CR,14:00,15:00,840,900,200,200,1.0,60,SP->CR
V0403,AC_201,SP,FL,14:00,15:00,840,900,0,200,0.0,60,SP->FL
V0411,AC_163,SP,FO,14:00,18:00,840,1080,200,200,1.0,240,SP->FO
V0395,AC_176,SP,MA,14:00,19:00,840,1140,200,200,1.0,300,SP->MA
V0419,AC_183,SP,NA,14:00,18:00,840,1080,100,200,0.5,240,SP->NA
V0404,AC_120,SP,RJ,14:00,15:00,840,900,200,200,1.0,60,SP->RJ
V0454,AC_248,BE,CR,15:00,20:00,900,1200,200,200,1.0,300,BE->CR
V0465,AC_009,BE,RJ,15:00,19:00,900,1140,0,200,0.0,240,BE->RJ
V0452,AC_239,BE,SP,15:00,19:00,900,1140,200,200,1.0,240,BE->SP
V0464,AC_191,BH,BE,15:00,19:00,900,1140,0,200,0.0,240,BH->BE
V0438,AC_218,BH,BR,15:00,16:00,900,960,200,200,1.0,60,BH->BR
V0444,AC_059,BH,RE,15:00,18:00,900,1080,0,200,0.0,180,BH->RE
V0456,AC_045,BR,FL,15:00,18:00,900,1080,200,200,1.0,180,BR->FL
V0425,AC_032,BR,PA,15:00,19:00,900,1140,200,200,1.0,240,BR->PA
V0462,AC_050,BR,RJ,15:00,17:00,900,1020,200,200,1.0,120,BR->RJ
V0429,AC_086,BR,SA,15:00,17:00,900,1020,200,200,1.0,120,BR->SA
V0446,AC_166,BR,SP,15:00,17:00,900,1020,200,200,1.0,120,BR->SP
V0441,AC_230,CR,PA,15:00,16:00,900,960,200,200,1.0,60,CR->PA
V0442,AC_085,CR,SP,15:00,16:00,900,960,200,200,1.0,60,CR->SP
V0436,AC_096,FL,NA,15:00,20:00,900,1200,100,200,0.5,300,FL->NA
V0439,AC_142,FL,RJ,15:00,17:00,900,1020,200,200,1.0,120,FL->RJ
V0466,AC_069,FO,BR,15:00,18:00,900,1080,200,200,1.0,180,FO->BR
V0445,AC_042,FO,FL,15:00,20:00,900,1200,200,200,1.0,300,FO->FL
V0427,AC_002,FO,NA,15:00,16:00,900,960,200,200,1.0,60,FO->NA
V0426,AC_126,MA,PA,15:00,21:00,900,1260,100,200,0.5,360,MA->PA
V0424,AC_173,MA,SP,15:00,20:00,900,1200,200,200,1.0,300,MA->SP
V0453,AC_153,NA,BH,15:00,18:00,900,1080,0,200,0.0,180,NA->BH
V0447,AC_146,NA,BR,15:00,18:00,900,1080,0,200,0.0,180,NA->BR
V0457,AC_199,NA,CI,15:00,19:00,900,1140,200,200,1.0,240,NA->CI
V0435,AC_035,NA,MA,15:00,18:00,900,1080,0,200,0.0,180,NA->MA
V0460,AC_034,NA,RJ,15:00,19:00,900,1140,200,200,1.0,240,NA->RJ
V0430,AC_016,PA,SA,15:00,19:00,900,1140,200,200,1.0,240,PA->SA
V0433,AC_056,PA,SP,15:00,17:00,900,1020,200,200,1.0,120,PA->SP
V0463,AC_101,RE,BE,15:00,17:00,900,1020,200,200,1.0,120,RE->BE
V0455,AC_081,RE,RJ,15:00,18:00,900,1080,200,200,1.0,180,RE->RJ
V0459,AC_094,RE,SP,15:00,18:00,900,1080,200,200,1.0,180,RE->SP
V0431,AC_246,RJ,BE,15:00,19:00,900,1140,100,200,0.5,240,RJ->BE
V0449,AC_048,RJ,BR,15:00,17:00,900,1020,200,200,1.0,120,RJ->BR
V0458,AC_113,RJ,CI,15:00,18:00,900,1080,100,200,0.5,180,RJ->CI
V0432,AC_247,RJ,FO,15:00,19:00,900,1140,200,200,1.0,240,RJ->FO
V0440,AC_039,RJ,SA,15:00,17:00,900,1020,100,200,0.5,120,RJ->SA
V0461,AC_162,RJ,SP,15:00,16:00,900,960,200,200,1.0,60,RJ->SP
V0428,AC_115,SA,BR,15:00,17:00,900,1020,0,200,0.0,120,SA->BR
V0448,AC_221,SA,NA,15:00,17:00,900,1020,0,200,0.0,120,SA->NA
V0443,AC_212,SA,RJ,15:00,17:00,900,1020,0,200,0.0,120,SA->RJ
V0434,AC_138,SP,CR,15:00,16:00,900,960,200,200,1.0,60,SP->CR
V0450,AC_238,SP,FO,15:00,19:00,900,1140,200,200,1.0,240,SP->FO
V0437,AC_229,SP,RE,15:00,18:00,900,1080,200,200,1.0,180,SP->RE
V0451,AC_242,SP,SA,15:00,17:00,900,1020,200,200,1.0,120,SP->SA
V0493,AC_104,BE,CR,16:00,21:00,960,1260,100,200,0.5,300,BE->CR
V0496,AC_025,BE,SP,16:00,20:00,960,1200,100,200,0.5,240,BE->SP
V0497,AC_234,BH,CR,16:00,18:00,960,1080,200,200,1.0,120,BH->CR
V0494,AC_083,BR,CR,16:00,19:00,960,1140,0,200,0.0,180,BR->CR
V0486,AC_214,BR,FO,16:00,19:00,960,1140,100,200,0.5,180,BR->FO
V0491,AC_232,CI,RE,16:00,20:00,960,1200,200,200,1.0,240,CI->RE
V0487,AC_006,CR,FO,16:00,21:00,960,1260,100,200,0.5,300,CR->FO
V0474,AC_150,CR,PA,16:00,17:00,960,1020,100,200,0.5,60,CR->PA
V0480,AC_201,FL,CR,16:00,17:00,960,1020,0,200,0.0,60,FL->CR
V0475,AC_106,FO,FL,16:00,21:00,960,1260,100,200,0.5,300,FO->FL
V0490,AC_249,FO,MA,16:00,19:00,960,1140,100,200,0.5,180,FO->MA
V0489,AC_014,FO,NA,16:00,17:00,960,1020,100,200,0.5,60,FO->NA
V0482,AC_134,FO,SP,16:00,20:00,960,1200,200,200,1.0,240,FO->SP
V0470,AC_084,MA,RE,16:00,19:00,960,1140,200,200,1.0,180,MA->RE
V0468,AC_033,NA,CI,16:00,20:00,960,1200,100,200,0.5,240,NA->CI
V0467,AC_078,PA,FL,16:00,17:00,960,1020,0,200,0.0,60,PA->FL
V0469,AC_041,RE,BE,16:00,18:00,960,1080,200,200,1.0,120,RE->BE
V0478,AC_120,RJ,MA,16:00,21:00,960,1260,200,200,1.0,300,RJ->MA
V0476,AC_095,RJ,RE,16:00,19:00,960,1140,200,200,1.0,180,RJ->RE
V0471,AC_185,RJ,SP,16:00,17:00,960,1020,200,200,1.0,60,RJ->SP
V0485,AC_148,SA,FL,16:00,19:00,960,1140,200,200,1.0,180,SA->FL
V0477,AC_038,SA,FO,16:00,18:00,960,1080,0,200,0.0,120,SA->FO
V0479,AC_076,SA,RE,16:00,18:00,960,1080,200,200,1.0,120,SA->RE
V0483,AC_110,SA,RJ,16:00,18:00,960,1080,0,200,0.0,120,SA->RJ
V0472,AC_022,SP,BE,16:00,20:00,960,1200,100,200,0.5,240,SP->BE
V0492,AC_116,SP,BH,16:00,17:00,960,1020,200,200,1.0,60,SP->BH
V0488,AC_079,SP,BR,16:00,18:00,960,1080,200,200,1.0,120,SP->BR
V0495,AC_237,SP,FL,16:00,17:00,960,1020,100,200,0.5,60,SP->FL
V0473,AC_047,SP,FO,16:00,20:00,960,1200,200,200,1.0,240,SP->FO
V0481,AC_061,SP,RE,16:00,19:00,960,1140,200,200,1.0,180,SP->RE
V0484,AC_075,SP,SA,16:00,18:00,960,1080,200,200,1.0,120,SP->SA
V0503,AC_137,BH,CR,17:00,19:00,1020,1140,100,200,0.5,120,BH->CR
V0500,AC_091,BH,RJ,17:00,18:00,1020,1080,0,200,0.0,60,BH->RJ
V0513,AC_102,BR,BH,17:00,18:00,1020,1080,200,200,1.0,60,BR->BH
V0507,AC_159,BR,FL,17:00,20:00,1020,1200,200,200,1.0,180,BR->FL
V0506,AC_155,BR,PA,17:00,21:00,1020,1260,200,200,1.0,240,BR->PA
V0511,AC_060,BR,RJ,17:00,19:00,1020,1140,200,200,1.0,120,BR->RJ
V0498,AC_099,BR,SP,17:00,19:00,1020,1140,200,200,1.0,120,BR->SP
V0526,AC_138,CR,BH,17:00,19:00,1020,1140,0,200,0.0,120,CR->BH
V0499,AC_098,CR,CI,17:00,20:00,1020,1200,200,200,1.0,180,CR->CI
V0520,AC_030,CR,SP,17:00,18:00,1020,1080,200,200,1.0,60,CR->SP
V0524,AC_245,FO,BH,17:00,20:00,1020,1200,200,200,1.0,180,FO->BH
V0518,AC_123,FO,RE,17:00,18:00,1020,1080,50,200,0.25,60,FO->RE
V0519,AC_129,FO,SA,17:00,19:00,1020,1140,0,200,0.0,120,FO->SA
V0523,AC_180,FO,SP,17:00,21:00,1020,1260,100,200,0.5,240,FO->SP
V0502,AC_208,NA,FL,17:00,22:00,1020,1320,200,200,1.0,300,NA->FL
V0515,AC_002,NA,FO,17:00,18:00,1020,1080,0,200,0.0,60,NA->FO
V0501,AC_000,PA,BH,17:00,20:00,1020,1200,100,200,0.5,180,PA->BH
V0517,AC_114,PA,SP,17:00,19:00,1020,1140,200,200,1.0,120,PA->SP
V0505,AC_044,RE,FO,17:00,18:00,1020,1080,200,200,1.0,60,RE->FO
V0508,AC_135,RJ,BH,17:00,18:00,1020,1080,200,200,1.0,60,RJ->BH
V0512,AC_149,RJ,BR,17:00,19:00,1020,1140,200,200,1.0,120,RJ->BR
V0528,AC_011,RJ,FL,17:00,19:00,1020,1140,200,200,1.0,120,RJ->FL
V0516,AC_211,RJ,SA,17:00,19:00,1020,1140,100,200,0.5,120,RJ->SA
V0504,AC_125,RJ,SP,17:00,18:00,1020,1080,200,200,1.0,60,RJ->SP
V0522,AC_070,SA,FL,17:00,20:00,1020,1200,100,200,0.5,180,SA->FL
V0521,AC_028,SA,RE,17:00,19:00,1020,1140,200,200,1.0,120,SA->RE
V0525,AC_090,SA,SP,17:00,19:00,1020,1140,200,200,1.0,120,SA->SP
V0510,AC_029,SP,BH,17:00,18:00,1020,1080,200,200,1.0,60,SP->BH
V0514,AC_085,SP,BR,17:00,19:00,1020,1140,200,200,1.0,120,SP->BR
V0509,AC_012,SP,PA,17:00,19:00,1020,1140,200,200,1.0,120,SP->PA
V0527,AC_162,SP,RJ,17:00,18:00,1020,1080,200,200,1.0,60,SP->RJ
V0550,AC_174,BE,NA,18:00,20:00,1080,1200,100,200,0.5,120,BE->NA
V0547,AC_172,BH,BR,18:00,19:00,1080,1140,200,200,1.0,60,BH->BR
V0540,AC_115,BR,BH,18:00,19:00,1080,1140,200,200,1.0,60,BR->BH
V0536,AC_218,BR,NA,18:00,21:00,1080,1260,100,200,0.5,180,BR->NA
V0537,AC_048,BR,SA,18:00,20:00,1080,1200,200,200,1.0,120,BR->SA
V0542,AC_133,BR,SP,18:00,20:00,1080,1200,200,200,1.0,120,BR->SP
V0535,AC_201,CR,RE,18:00,22:00,1080,1320,200,200,1.0,240,CR->RE
V0529,AC_078,FL,PA,18:00,19:00,1080,1140,100,200,0.5,60,FL->PA
V0544,AC_187,FL,SP,18:00,19:00,1080,1140,100,200,0.5,60,FL->SP
V0549,AC_221,NA,RJ,18:00,22:00,1080,1320,200,200,1.0,240,NA->RJ
V0534,AC_132,PA,RJ,18:00,21:00,1080,1260,200,200,1.0,180,PA->RJ
V0539,AC_175,RE,SP,18:00,21:00,1080,1260,200,200,1.0,180,RE->SP
V0545,AC_243,RJ,BH,18:00,19:00,1080,1140,200,200,1.0,60,RJ->BH
V0548,AC_142,RJ,CR,18:00,20:00,1080,1200,200,200,1.0,120,RJ->CR
V0532,AC_128,RJ,FL,18:00,20:00,1080,1200,200,200,1.0,120,RJ->FL
V0546,AC_050,RJ,SP,18:00,19:00,1080,1140,200,200,1.0,60,RJ->SP
V0533,AC_086,SA,RE,18:00,20:00,1080,1200,200,200,1.0,120,SA->RE
V0531,AC_039,SA,SP,18:00,20:00,1080,1200,100,200,0.5,120,SA->SP
V0541,AC_037,SP,BH,18:00,19:00,1080,1140,200,200,1.0,60,SP->BH
V0538,AC_010,SP,FO,18:00,22:00,1080,1320,200,200,1.0,240,SP->FO
V0543,AC_166,SP,PA,18:00,20:00,1080,1200,200,200,1.0,120,SP->PA
V0530,AC_184,SP,RJ,18:00,19:00,1080,1140,200,200,1.0,60,SP->RJ
V0566,AC_066,BE,CI,19:00,22:00,1140,1320,100,200,0.5,180,BE->CI
V0558,AC_181,BE,MA,19:00,21:00,1140,1260,200,200,1.0,120,BE->MA
V0564,AC_153,BH,RE,19:00,22:00,1140,1320,200,200,1.0,180,BH->RE
V0559,AC_102,BH,SP,19:00,20:00,1140,1200,200,200,1.0,60,BH->SP
V0565,AC_069,BR,SA,19:00,21:00,1140,1260,200,200,1.0,120,BR->SA
V0561,AC_002,FO,BH,19:00,22:00,1140,1320,100,200,0.5,180,FO->BH
V0563,AC_038,FO,BR,19:00,22:00,1140,1320,200,200,1.0,180,FO->BR
V0567,AC_169,FO,MA,19:00,22:00,1140,1320,200,200,1.0,180,FO->MA
V0551,AC_035,MA,BE,19:00,21:00,1140,1260,200,200,1.0,120,MA->BE
V0553,AC_059,RE,FO,19:00,20:00,1140,1200,100,200,0.5,60,RE->FO
V0552,AC_212,RJ,BR,19:00,21:00,1140,1260,200,200,1.0,120,RJ->BR
V0557,AC_091,RJ,CR,19:00,21:00,1140,1260,200,200,1.0,120,RJ->CR
V0554,AC_228,RJ,RE,19:00,22:00,1140,1320,200,200,1.0,180,RJ->RE
V0568,AC_110,RJ,SP,19:00,20:00,1140,1200,200,200,1.0,60,RJ->SP
V0555,AC_242,SA,RE,19:00,21:00,1140,1260,100,200,0.5,120,SA->RE
V0562,AC_125,SP,CR,19:00,20:00,1140,1200,200,200,1.0,60,SP->CR
V0560,AC_094,SP,RJ,19:00,20:00,1140,1200,200,200,1.0,60,SP->RJ
V0556,AC_030,SP,SA,19:00,21:00,1140,1260,200,200,1.0,120,SP->SA
V0576,AC_191,BE,MA,20:00,22:00,1200,1320,200,200,1.0,120,BE->MA
V0573,AC_037,BH,BR,20:00,21:00,1200,1260,200,200,1.0,60,BH->BR
V0578,AC_138,BH,CR,20:00,22:00,1200,1320,100,200,0.5,120,BH->CR
V0575,AC_115,BH,SP,20:00,21:00,1200,1260,200,200,1.0,60,BH->SP
V0569,AC_131,BR,SA,20:00,22:00,1200,1320,100,200,0.5,120,BR->SA
V0582,AC_146,BR,SP,20:00,22:00,1200,1320,200,200,1.0,120,BR->SP
V0579,AC_011,FL,SP,20:00,21:00,1200,1260,200,200,1.0,60,FL->SP
V0570,AC_179,FO,BE,20:00,22:00,1200,1320,150,200,0.75,120,FO->BE
V0571,AC_009,RJ,SP,20:00,21:00,1200,1260,200,200,1.0,60,RJ->SP
V0577,AC_129,SA,FO,20:00,22:00,1200,1320,100,200,0.5,120,SA->FO
V0580,AC_114,SP,BR,20:00,22:00,1200,1320,200,200,1.0,120,SP->BR
V0572,AC_050,SP,CR,20:00,21:00,1200,1260,200,200,1.0,60,SP->CR
V0574,AC_090,SP,RJ,20:00,21:00,1200,1260,200,200,1.0,60,SP->RJ
V0581,AC_187,SP,SA,20:00,22:00,1200,1320,200,200,1.0,120,SP->SA
V0583,AC_243,BH,SP,21:00,22:00,1260,1320,200,200,1.0,60,BH->SP
V0586,AC_083,CR,SP,21:00,22:00,1260,1320,200,200,1.0,60,CR->SP
V0585,AC_148,FL,CR,21:00,22:00,1260,1320,100,200,0.5,60,FL->CR
V0587,AC_203,FL,SP,21:00,22:00,1260,1320,200,200,1.0,60,FL->SP
V0588,AC_028,RE,NA,21:00,22:00,1260,1320,200,200,1.0,60,RE->NA
V0584,AC_034,RJ,SP,21:00,22:00,1260,1320,200,200,1.0,60,RJ->SP
