group_id,orig_code,dest_code,route_str,pax,num_legs,dep_hhmm,arr_hhmm,travel_time_min,voos
0,MA,BE,MA->BE,200,1,19:00,21:00,120,V0551
1,MA,BE,MA->BE,150,1,11:00,13:00,120,V0257
2,MA,FO,MA->FO,200,1,10:00,13:00,180,V0194
3,MA,NA,MA->NA,200,1,06:00,09:00,180,V0005
4,MA,RE,MA->RE,200,1,16:00,19:00,180,V0470
5,MA,RE,MA->RE,50,2,11:00,16:00,300,V0257 | V0405
6,MA,RE,MA->RE,50,2,12:00,18:00,360,V0289 | V0518
7,MA,SA,MA->SA,200,1,12:00,15:00,180,V0306
8,MA,BR,MA->BR,200,1,08:00,11:00,180,V0094
9,MA,BR,MA->BR,200,1,11:00,14:00,180,V0239
10,MA,BR,MA->BR,100,1,14:00,17:00,180,V0414
11,MA,BH,MA->BH,200,1,07:00,11:00,240,V0065
12,MA,CI,MA->CI,200,1,07:00,10:00,180,V0059
13,MA,RJ,MA->RJ,200,1,08:00,13:00,300,V0107
14,MA,RJ,MA->RJ,200,1,10:00,15:00,300,V0201
15,MA,SP,MA->SP,200,1,07:00,12:00,300,V0049
16,MA,SP,MA->SP,200,1,10:00,15:00,300,V0199
17,MA,SP,MA->SP,200,1,15:00,20:00,300,V0424
18,MA,SP,MA->SP,200,1,06:00,11:00,300,V0014
19,MA,CR,MA->CR,200,1,14:00,19:00,300,V0399
20,MA,CR,MA->CR,100,1,10:00,15:00,300,V0209
21,MA,FL,MA->FL,200,1,08:00,14:00,360,V0118
22,MA,PA,MA->PA,200,1,14:00,20:00,360,V0417
23,MA,PA,MA->PA,100,1,15:00,21:00,360,V0426
24,BE,MA,BE->MA,200,1,19:00,21:00,120,V0558
25,BE,MA,BE->MA,200,1,20:00,22:00,120,V0576
26,BE,FO,BE->FO,200,1,12:00,14:00,120,V0307
27,BE,FO,BE->FO,200,1,14:00,16:00,120,V0418
28,BE,NA,BE->NA,200,1,12:00,14:00,120,V0291
29,BE,NA,BE->NA,100,1,18:00,20:00,120,V0550
30,BE,RE,BE->RE,200,1,07:00,09:00,120,V0038
31,BE,SA,BE->SA,200,1,13:00,16:00,180,V0361
32,BE,SA,BE->SA,100,1,07:00,10:00,180,V0041
33,BE,BR,BE->BR,200,1,08:00,11:00,180,V0120
34,BE,BR,BE->BR,200,1,12:00,15:00,180,V0309
35,BE,BR,BE->BR,100,1,14:00,17:00,180,V0423
36,BE,BH,BE->BH,200,1,09:00,13:00,240,V0164
37,BE,CI,BE->CI,100,1,19:00,22:00,180,V0566
38,BE,RJ,BE->RJ,200,1,07:00,11:00,240,V0052
39,BE,RJ,BE->RJ,200,1,08:00,12:00,240,V0135
40,BE,SP,BE->SP,200,1,10:00,14:00,240,V0225
41,BE,SP,BE->SP,200,1,11:00,15:00,240,V0262
42,BE,SP,BE->SP,200,1,13:00,17:00,240,V0363
43,BE,SP,BE->SP,200,1,15:00,19:00,240,V0452
44,BE,SP,BE->SP,100,1,16:00,20:00,240,V0496
45,BE,CR,BE->CR,200,1,15:00,20:00,300,V0454
46,BE,CR,BE->CR,100,1,16:00,21:00,300,V0493
47,BE,FL,BE->FL,200,1,08:00,13:00,300,V0092
48,BE,PA,BE->PA,200,1,08:00,14:00,360,V0119
49,FO,MA,FO->MA,200,1,19:00,22:00,180,V0567
50,FO,MA,FO->MA,100,1,16:00,19:00,180,V0490
51,FO,BE,FO->BE,200,1,14:00,16:00,120,V0409
52,FO,BE,FO->BE,150,1,20:00,22:00,120,V0570
53,FO,NA,FO->NA,200,1,11:00,12:00,60,V0249
54,FO,NA,FO->NA,200,1,15:00,16:00,60,V0427
55,FO,NA,FO->NA,100,1,16:00,17:00,60,V0489
56,FO,RE,FO->RE,200,1,07:00,08:00,60,V0084
57,FO,RE,FO->RE,200,1,09:00,10:00,60,V0156
58,FO,SA,FO->SA,200,1,09:00,11:00,120,V0171
59,FO,SA,FO->SA,200,1,10:00,12:00,120,V0212
60,FO,BR,FO->BR,200,1,12:00,15:00,180,V0298
61,FO,BR,FO->BR,200,1,15:00,18:00,180,V0466
62,FO,BR,FO->BR,200,1,19:00,22:00,180,V0563
63,FO,BH,FO->BH,200,1,17:00,20:00,180,V0524
64,FO,BH,FO->BH,100,1,19:00,22:00,180,V0561
65,FO,CI,FO->CI,200,1,14:00,18:00,240,V0390
66,FO,RJ,FO->RJ,200,1,10:00,14:00,240,V0195
67,FO,RJ,FO->RJ,200,1,11:00,15:00,240,V0280
68,FO,RJ,FO->RJ,100,1,12:00,16:00,240,V0287
69,FO,SP,FO->SP,200,1,11:00,15:00,240,V0278
70,FO,SP,FO->SP,200,1,12:00,16:00,240,V0288
71,FO,SP,FO->SP,200,1,13:00,17:00,240,V0341
72,FO,SP,FO->SP,200,1,16:00,20:00,240,V0482
73,FO,SP,FO->SP,100,1,17:00,21:00,240,V0523
74,FO,CR,FO->CR,200,1,07:00,12:00,300,V0089
75,FO,CR,FO->CR,100,1,09:00,14:00,300,V0180
76,FO,FL,FO->FL,200,1,15:00,20:00,300,V0445
77,FO,FL,FO->FL,100,1,16:00,21:00,300,V0475
78,FO,PA,FO->PA,200,1,06:00,12:00,360,V0023
79,FO,PA,FO->PA,200,1,07:00,13:00,360,V0087
80,NA,MA,NA->MA,200,1,13:00,16:00,180,V0357
81,NA,BE,NA->BE,200,1,06:00,08:00,120,V0024
82,NA,BE,NA->BE,100,1,12:00,14:00,120,V0304
83,NA,FO,NA->FO,200,1,07:00,08:00,60,V0085
84,NA,FO,NA->FO,200,1,08:00,09:00,60,V0126
85,NA,RE,NA->RE,200,1,08:00,09:00,60,V0134
86,NA,RE,NA->RE,100,1,12:00,13:00,60,V0312
87,NA,SA,NA->SA,200,1,07:00,09:00,120,V0077
88,NA,SA,NA->SA,200,1,11:00,13:00,120,V0248
89,NA,BR,NA->BR,200,1,09:00,12:00,180,V0148
90,NA,BR,NA->BR,200,1,11:00,14:00,180,V0245
91,NA,BH,NA->BH,200,1,06:00,09:00,180,V0025
92,NA,CI,NA->CI,200,1,15:00,19:00,240,V0457
93,NA,CI,NA->CI,100,1,16:00,20:00,240,V0468
94,NA,RJ,NA->RJ,200,1,15:00,19:00,240,V0460
95,NA,RJ,NA->RJ,200,1,18:00,22:00,240,V0549
96,NA,SP,NA->SP,200,1,06:00,10:00,240,V0026
97,NA,SP,NA->SP,200,1,07:00,11:00,240,V0072
98,NA,SP,NA->SP,200,1,08:00,12:00,240,V0122
99,NA,CR,NA->CR,200,1,10:00,15:00,300,V0222
100,NA,CR,NA->CR,100,2,10:00,16:00,360,V0223 | V0434
101,NA,FL,NA->FL,200,1,17:00,22:00,300,V0502
102,NA,FL,NA->FL,100,1,13:00,18:00,300,V0378
103,NA,PA,NA->PA,200,1,13:00,19:00,360,V0380
104,NA,PA,NA->PA,100,1,14:00,20:00,360,V0383
105,RE,MA,RE->MA,200,1,07:00,10:00,180,V0068
106,RE,MA,RE->MA,100,1,12:00,15:00,180,V0323
107,RE,BE,RE->BE,200,1,15:00,17:00,120,V0463
108,RE,BE,RE->BE,200,1,16:00,18:00,120,V0469
109,RE,FO,RE->FO,200,1,10:00,11:00,60,V0191
110,RE,FO,RE->FO,200,1,11:00,12:00,60,V0242
111,RE,FO,RE->FO,200,1,17:00,18:00,60,V0505
112,RE,NA,RE->NA,200,1,11:00,12:00,60,V0243
113,RE,NA,RE->NA,200,1,21:00,22:00,60,V0588
114,RE,SA,RE->SA,200,1,08:00,10:00,120,V0100
115,RE,SA,RE->SA,200,1,09:00,11:00,120,V0143
116,RE,SA,RE->SA,200,1,10:00,12:00,120,V0193
117,RE,BR,RE->BR,200,1,08:00,11:00,180,V0106
118,RE,BR,RE->BR,200,1,09:00,12:00,180,V0183
119,RE,BR,RE->BR,100,1,10:00,13:00,180,V0202
120,RE,BH,RE->BH,200,1,07:00,10:00,180,V0060
121,RE,BH,RE->BH,100,1,10:00,13:00,180,V0211
122,RE,CI,RE->CI,200,1,13:00,17:00,240,V0351
123,RE,CI,RE->CI,100,1,14:00,18:00,240,V0410
124,RE,RJ,RE->RJ,200,1,08:00,11:00,180,V0115
125,RE,RJ,RE->RJ,200,1,09:00,12:00,180,V0173
126,RE,RJ,RE->RJ,200,1,13:00,16:00,180,V0348
127,RE,RJ,RE->RJ,200,1,15:00,18:00,180,V0455
128,RE,SP,RE->SP,200,1,06:00,09:00,180,V0027
129,RE,SP,RE->SP,200,1,09:00,12:00,180,V0165
130,RE,SP,RE->SP,200,1,15:00,18:00,180,V0459
131,RE,SP,RE->SP,200,1,18:00,21:00,180,V0539
132,RE,CR,RE->CR,200,1,12:00,16:00,240,V0284
133,RE,CR,RE->CR,200,1,14:00,18:00,240,V0388
134,RE,FL,RE->FL,200,1,07:00,11:00,240,V0054
135,RE,FL,RE->FL,200,1,09:00,13:00,240,V0154
136,RE,PA,RE->PA,200,1,09:00,14:00,300,V0149
137,RE,PA,RE->PA,200,1,11:00,16:00,300,V0241
138,SA,MA,SA->MA,200,1,10:00,13:00,180,V0238
139,SA,BE,SA->BE,200,1,10:00,13:00,180,V0237
140,SA,FO,SA->FO,200,1,06:00,08:00,120,V0028
141,SA,FO,SA->FO,200,1,07:00,09:00,120,V0050
142,SA,FO,SA->FO,200,1,08:00,10:00,120,V0097
143,SA,FO,SA->FO,200,1,09:00,11:00,120,V0142
144,SA,NA,SA->NA,200,1,08:00,10:00,120,V0131
145,SA,NA,SA->NA,200,1,10:00,12:00,120,V0230
146,SA,NA,SA->NA,200,1,11:00,13:00,120,V0258
147,SA,RE,SA->RE,200,1,14:00,16:00,120,V0413
148,SA,RE,SA->RE,200,1,16:00,18:00,120,V0479
149,SA,RE,SA->RE,200,1,17:00,19:00,120,V0521
150,SA,BR,SA->BR,200,1,06:00,08:00,120,V0030
151,SA,BR,SA->BR,200,1,10:00,12:00,120,V0218
152,SA,BH,SA->BH,200,1,07:00,09:00,120,V0043
153,SA,BH,SA->BH,200,1,10:00,12:00,120,V0215
154,SA,CI,SA->CI,200,1,09:00,12:00,180,V0174
155,SA,CI,SA->CI,200,1,11:00,14:00,180,V0269
156,SA,RJ,SA->RJ,200,1,07:00,09:00,120,V0042
157,SA,RJ,SA->RJ,200,1,08:00,10:00,120,V0109
158,SA,RJ,SA->RJ,200,1,11:00,13:00,120,V0273
159,SA,RJ,SA->RJ,200,1,13:00,15:00,120,V0353
160,SA,SP,SA->SP,200,1,11:00,13:00,120,V0277
161,SA,SP,SA->SP,200,1,12:00,14:00,120,V0301
162,SA,SP,SA->SP,200,1,13:00,15:00,120,V0350
163,SA,SP,SA->SP,200,1,14:00,16:00,120,V0406
164,SA,SP,SA->SP,200,1,17:00,19:00,120,V0525
165,SA,SP,SA->SP,100,1,18:00,20:00,120,V0531
166,SA,CR,SA->CR,200,1,08:00,11:00,180,V0104
167,SA,CR,SA->CR,200,1,09:00,12:00,180,V0184
168,SA,CR,SA->CR,100,1,12:00,15:00,180,V0292
169,SA,FL,SA->FL,200,1,08:00,11:00,180,V0096
170,SA,FL,SA->FL,200,1,16:00,19:00,180,V0485
171,SA,FL,SA->FL,100,1,17:00,20:00,180,V0522
172,SA,PA,SA->PA,200,1,08:00,12:00,240,V0093
173,SA,PA,SA->PA,200,1,12:00,16:00,240,V0286
174,SA,PA,SA->PA,100,1,13:00,17:00,240,V0338
175,BR,MA,BR->MA,200,1,10:00,13:00,180,V0197
176,BR,MA,BR->MA,200,1,11:00,14:00,180,V0279
177,BR,MA,BR->MA,100,1,12:00,15:00,180,V0294
178,BR,BE,BR->BE,200,1,12:00,15:00,180,V0285
179,BR,BE,BR->BE,200,1,13:00,16:00,180,V0347
180,BR,BE,BR->BE,100,1,14:00,17:00,180,V0400
181,BR,FO,BR->FO,200,1,08:00,11:00,180,V0105
182,BR,FO,BR->FO,200,1,09:00,12:00,180,V0181
183,BR,FO,BR->FO,200,1,11:00,14:00,180,V0274
184,BR,FO,BR->FO,200,1,13:00,16:00,180,V0356
185,BR,FO,BR->FO,100,1,16:00,19:00,180,V0486
186,BR,NA,BR->NA,200,1,09:00,12:00,180,V0176
187,BR,NA,BR->NA,200,1,10:00,13:00,180,V0210
188,BR,NA,BR->NA,100,1,18:00,21:00,180,V0536
189,BR,RE,BR->RE,200,1,06:00,09:00,180,V0020
190,BR,RE,BR->RE,200,1,09:00,12:00,180,V0169
191,BR,RE,BR->RE,200,1,10:00,13:00,180,V0216
192,BR,RE,BR->RE,100,1,11:00,14:00,180,V0264
193,BR,SA,BR->SA,200,1,10:00,12:00,120,V0220
194,BR,SA,BR->SA,200,1,15:00,17:00,120,V0429
195,BR,SA,BR->SA,200,1,18:00,20:00,120,V0537
196,BR,SA,BR->SA,200,1,19:00,21:00,120,V0565
197,BR,SA,BR->SA,100,1,20:00,22:00,120,V0569
198,BR,BH,BR->BH,200,1,07:00,08:00,60,V0037
199,BR,BH,BR->BH,200,1,08:00,09:00,60,V0127
200,BR,BH,BR->BH,200,1,13:00,14:00,60,V0369
201,BR,BH,BR->BH,100,1,14:00,15:00,60,V0408
202,BR,CI,BR->CI,200,1,08:00,09:00,60,V0128
203,BR,CI,BR->CI,200,1,12:00,13:00,60,V0320
204,BR,CI,BR->CI,200,1,13:00,14:00,60,V0377
205,BR,CI,BR->CI,200,1,14:00,15:00,60,V0394
206,BR,RJ,BR->RJ,200,1,09:00,11:00,120,V0145
207,BR,RJ,BR->RJ,200,1,10:00,12:00,120,V0233
208,BR,RJ,BR->RJ,200,1,12:00,14:00,120,V0324
209,BR,RJ,BR->RJ,200,1,14:00,16:00,120,V0392
210,BR,RJ,BR->RJ,200,1,15:00,17:00,120,V0462
211,BR,RJ,BR->RJ,200,1,17:00,19:00,120,V0511
212,BR,RJ,BR->RJ,200,1,08:00,10:00,120,V0132
213,BR,SP,BR->SP,200,1,08:00,10:00,120,V0136
214,BR,SP,BR->SP,200,1,09:00,11:00,120,V0140
215,BR,SP,BR->SP,200,1,10:00,12:00,120,V0235
216,BR,SP,BR->SP,200,1,11:00,13:00,120,V0246
217,BR,SP,BR->SP,200,1,13:00,15:00,120,V0374
218,BR,SP,BR->SP,200,1,15:00,17:00,120,V0446
219,BR,SP,BR->SP,200,1,17:00,19:00,120,V0498
220,BR,SP,BR->SP,200,1,18:00,20:00,120,V0542
221,BR,SP,BR->SP,200,1,20:00,22:00,120,V0582
222,BR,SP,BR->SP,200,1,07:00,09:00,120,V0036
223,BR,SP,BR->SP,200,2,17:00,20:00,180,V0513 | V0559
224,BR,SP,BR->SP,200,2,18:00,21:00,180,V0540 | V0575
225,BR,SP,BR->SP,100,2,17:00,22:00,300,V0507 | V0587
226,BR,CR,BR->CR,200,1,06:00,09:00,180,V0018
227,BR,CR,BR->CR,200,1,08:00,11:00,180,V0133
228,BR,CR,BR->CR,200,1,11:00,14:00,180,V0282
229,BR,FL,BR->FL,200,1,13:00,16:00,180,V0346
230,BR,FL,BR->FL,200,1,15:00,18:00,180,V0456
231,BR,FL,BR->FL,100,1,17:00,20:00,180,V0507
232,BR,FL,BR->FL,100,1,11:00,14:00,180,V0250
233,BR,PA,BR->PA,200,1,14:00,18:00,240,V0391
234,BR,PA,BR->PA,200,1,15:00,19:00,240,V0425
235,BR,PA,BR->PA,200,1,17:00,21:00,240,V0506
236,BR,PA,BR->PA,200,1,08:00,12:00,240,V0124
237,BH,MA,BH->MA,200,1,11:00,15:00,240,V0253
238,BH,BE,BH->BE,200,1,10:00,14:00,240,V0231
239,BH,BE,BH->BE,100,1,12:00,16:00,240,V0296
240,BH,FO,BH->FO,200,1,07:00,10:00,180,V0033
241,BH,FO,BH->FO,200,1,09:00,12:00,180,V0162
242,BH,NA,BH->NA,200,1,12:00,15:00,180,V0330
243,BH,RE,BH->RE,200,1,06:00,09:00,180,V0016
244,BH,RE,BH->RE,200,1,07:00,10:00,180,V0091
245,BH,RE,BH->RE,100,1,09:00,12:00,180,V0172
246,BH,SA,BH->SA,200,1,07:00,09:00,120,V0034
247,BH,BR,BH->BR,200,1,07:00,08:00,60,V0040
248,BH,BR,BH->BR,200,1,09:00,10:00,60,V0177
249,BH,BR,BH->BR,100,1,10:00,11:00,60,V0213
250,BH,CI,BH->CI,200,1,13:00,15:00,120,V0362
251,BH,RJ,BH->RJ,200,1,07:00,08:00,60,V0044
252,BH,RJ,BH->RJ,200,1,08:00,09:00,60,V0111
253,BH,RJ,BH->RJ,200,1,12:00,13:00,60,V0329
254,BH,SP,BH->SP,200,1,08:00,09:00,60,V0102
255,BH,SP,BH->SP,200,1,13:00,14:00,60,V0372
256,BH,SP,BH->SP,200,1,14:00,15:00,60,V0401
257,BH,SP,BH->SP,200,1,21:00,22:00,60,V0583
258,BH,SP,BH->SP,100,1,07:00,08:00,60,V0046
259,BH,CR,BH->CR,200,1,16:00,18:00,120,V0497
260,BH,CR,BH->CR,100,1,17:00,19:00,120,V0503
261,BH,FL,BH->FL,200,1,06:00,08:00,120,V0013
262,BH,PA,BH->PA,200,1,07:00,10:00,180,V0053
263,CI,MA,CI->MA,200,1,07:00,10:00,180,V0055
264,CI,BE,CI->BE,200,1,10:00,13:00,180,V0207
265,CI,FO,CI->FO,200,1,07:00,11:00,240,V0058
266,CI,FO,CI->FO,100,1,10:00,14:00,240,V0221
267,CI,NA,CI->NA,200,1,09:00,13:00,240,V0163
268,CI,RE,CI->RE,200,1,16:00,20:00,240,V0491
269,CI,SA,CI->SA,200,1,13:00,16:00,180,V0371
270,CI,BR,CI->BR,200,1,11:00,12:00,60,V0255
271,CI,BR,CI->BR,100,1,14:00,15:00,60,V0386
272,CI,BH,CI->BH,200,1,07:00,09:00,120,V0062
273,CI,RJ,CI->RJ,200,1,09:00,12:00,180,V0151
274,CI,SP,CI->SP,200,1,12:00,15:00,180,V0314
275,CI,SP,CI->SP,200,1,13:00,16:00,180,V0368
276,CI,CR,CI->CR,100,1,13:00,16:00,180,V0365
277,CI,FL,CI->FL,100,1,07:00,10:00,180,V0070
278,CI,PA,CI->PA,200,1,12:00,16:00,240,V0313
279,RJ,MA,RJ->MA,200,1,11:00,16:00,300,V0252
280,RJ,MA,RJ->MA,200,1,14:00,19:00,300,V0382
281,RJ,MA,RJ->MA,200,1,16:00,21:00,300,V0478
282,RJ,BE,RJ->BE,200,1,07:00,11:00,240,V0073
283,RJ,BE,RJ->BE,200,1,09:00,13:00,240,V0153
284,RJ,BE,RJ->BE,200,1,12:00,16:00,240,V0308
285,RJ,BE,RJ->BE,100,1,15:00,19:00,240,V0431
286,RJ,FO,RJ->FO,200,1,14:00,18:00,240,V0422
287,RJ,FO,RJ->FO,200,1,15:00,19:00,240,V0432
288,RJ,FO,RJ->FO,200,1,10:00,14:00,240,V0229
289,RJ,FO,RJ->FO,200,2,11:00,16:00,300,V0272 | V0345
290,RJ,FO,RJ->FO,100,2,17:00,22:00,300,V0516 | V0577
291,RJ,NA,RJ->NA,200,1,11:00,15:00,240,V0261
292,RJ,NA,RJ->NA,200,1,14:00,18:00,240,V0420
293,RJ,NA,RJ->NA,200,1,07:00,11:00,240,V0075
294,RJ,RE,RJ->RE,200,1,06:00,09:00,180,V0009
295,RJ,RE,RJ->RE,200,1,08:00,11:00,180,V0121
296,RJ,RE,RJ->RE,200,1,13:00,16:00,180,V0360
297,RJ,RE,RJ->RE,200,1,16:00,19:00,180,V0476
298,RJ,RE,RJ->RE,200,1,19:00,22:00,180,V0554
299,RJ,SA,RJ->SA,200,1,10:00,12:00,120,V0217
300,RJ,SA,RJ->SA,200,1,11:00,13:00,120,V0265
301,RJ,SA,RJ->SA,200,1,12:00,14:00,120,V0302
302,RJ,SA,RJ->SA,200,1,13:00,15:00,120,V0354
303,RJ,SA,RJ->SA,100,1,15:00,17:00,120,V0440
304,RJ,BR,RJ->BR,200,1,07:00,09:00,120,V0078
305,RJ,BR,RJ->BR,200,1,09:00,11:00,120,V0175
306,RJ,BR,RJ->BR,200,1,10:00,12:00,120,V0208
307,RJ,BR,RJ->BR,200,1,11:00,13:00,120,V0271
308,RJ,BR,RJ->BR,200,1,14:00,16:00,120,V0412
309,RJ,BR,RJ->BR,200,1,15:00,17:00,120,V0449
310,RJ,BR,RJ->BR,200,1,17:00,19:00,120,V0512
311,RJ,BR,RJ->BR,200,1,19:00,21:00,120,V0552
312,RJ,BH,RJ->BH,200,1,07:00,08:00,60,V0082
313,RJ,BH,RJ->BH,200,1,08:00,09:00,60,V0112
314,RJ,BH,RJ->BH,200,1,13:00,14:00,60,V0349
315,RJ,BH,RJ->BH,200,1,17:00,18:00,60,V0508
316,RJ,BH,RJ->BH,100,1,18:00,19:00,60,V0545
317,RJ,CI,RJ->CI,200,1,07:00,10:00,180,V0083
318,RJ,CI,RJ->CI,200,1,12:00,15:00,180,V0297
319,RJ,CI,RJ->CI,200,1,13:00,16:00,180,V0344
320,RJ,CI,RJ->CI,200,1,14:00,17:00,180,V0398
321,RJ,CI,RJ->CI,100,1,15:00,18:00,180,V0458
322,RJ,SP,RJ->SP,200,1,07:00,08:00,60,V0086
323,RJ,SP,RJ->SP,200,1,10:00,11:00,60,V0205
324,RJ,SP,RJ->SP,200,1,12:00,13:00,60,V0290
325,RJ,SP,RJ->SP,200,1,14:00,15:00,60,V0396
326,RJ,SP,RJ->SP,200,1,15:00,16:00,60,V0461
327,RJ,SP,RJ->SP,200,1,16:00,17:00,60,V0471
328,RJ,SP,RJ->SP,200,1,17:00,18:00,60,V0504
329,RJ,SP,RJ->SP,200,1,18:00,19:00,60,V0546
330,RJ,SP,RJ->SP,200,1,19:00,20:00,60,V0568
331,RJ,SP,RJ->SP,200,1,20:00,21:00,60,V0571
332,RJ,SP,RJ->SP,200,1,21:00,22:00,60,V0584
333,RJ,SP,RJ->SP,200,1,06:00,07:00,60,V0006
334,RJ,SP,RJ->SP,100,2,18:00,22:00,240,V0532 | V0587
335,RJ,SP,RJ->SP,200,2,06:00,10:00,240,V0001 | V0141
336,RJ,SP,RJ->SP,200,2,18:00,22:00,240,V0548 | V0586
337,RJ,SP,RJ->SP,200,2,14:00,18:00,240,V0393 | V0520
338,RJ,SP,RJ->SP,200,2,17:00,21:00,240,V0528 | V0579
339,RJ,SP,RJ->SP,100,2,06:00,10:00,240,V0022 | V0168
340,RJ,CR,RJ->CR,200,1,10:00,12:00,120,V0200
341,RJ,CR,RJ->CR,200,1,13:00,15:00,120,V0339
342,RJ,CR,RJ->CR,200,1,19:00,21:00,120,V0557
343,RJ,CR,RJ->CR,100,1,06:00,08:00,120,V0022
344,RJ,CR,RJ->CR,100,2,18:00,22:00,240,V0532 | V0585
345,RJ,CR,RJ->CR,100,2,18:00,22:00,240,V0545 | V0578
346,RJ,FL,RJ->FL,200,1,08:00,10:00,120,V0095
347,RJ,FL,RJ->FL,200,1,13:00,15:00,120,V0335
348,RJ,FL,RJ->FL,200,1,14:00,16:00,120,V0387
349,RJ,FL,RJ->FL,200,2,06:00,10:00,240,V0008 | V0099
350,RJ,PA,RJ->PA,200,1,06:00,09:00,180,V0021
351,RJ,PA,RJ->PA,200,1,08:00,11:00,180,V0138
352,RJ,PA,RJ->PA,200,1,11:00,14:00,180,V0251
353,RJ,PA,RJ->PA,200,1,12:00,15:00,180,V0283
354,RJ,PA,RJ->PA,100,1,13:00,16:00,180,V0334
355,SP,MA,SP->MA,200,1,06:00,11:00,300,V0003
356,SP,MA,SP->MA,200,1,08:00,13:00,300,V0103
357,SP,MA,SP->MA,200,1,11:00,16:00,300,V0276
358,SP,MA,SP->MA,200,1,14:00,19:00,300,V0395
359,SP,BE,SP->BE,200,1,07:00,11:00,240,V0088
360,SP,BE,SP->BE,200,1,09:00,13:00,240,V0182
361,SP,BE,SP->BE,200,1,10:00,14:00,240,V0206
362,SP,BE,SP->BE,200,1,12:00,16:00,240,V0299
363,SP,BE,SP->BE,100,1,16:00,20:00,240,V0472
364,SP,FO,SP->FO,200,1,14:00,18:00,240,V0411
365,SP,FO,SP->FO,200,1,15:00,19:00,240,V0450
366,SP,FO,SP->FO,200,1,16:00,20:00,240,V0473
367,SP,FO,SP->FO,200,1,18:00,22:00,240,V0538
368,SP,FO,SP->FO,200,1,12:00,16:00,240,V0300
369,SP,FO,SP->FO,100,2,15:00,20:00,300,V0437 | V0553
370,SP,NA,SP->NA,200,1,08:00,12:00,240,V0116
371,SP,NA,SP->NA,200,1,11:00,15:00,240,V0266
372,SP,NA,SP->NA,200,1,13:00,17:00,240,V0359
373,SP,NA,SP->NA,100,1,14:00,18:00,240,V0419
374,SP,RE,SP->RE,200,1,08:00,11:00,180,V0137
375,SP,RE,SP->RE,200,1,10:00,13:00,180,V0234
376,SP,RE,SP->RE,100,1,15:00,18:00,180,V0437
377,SP,RE,SP->RE,200,1,16:00,19:00,180,V0481
378,SP,RE,SP->RE,200,1,07:00,10:00,180,V0071
379,SP,RE,SP->RE,200,2,17:00,22:00,300,V0510 | V0564
380,SP,RE,SP->RE,200,2,15:00,20:00,300,V0451 | V0533
381,SP,RE,SP->RE,100,2,16:00,21:00,300,V0484 | V0555
382,SP,SA,SP->SA,200,1,07:00,09:00,120,V0069
383,SP,SA,SP->SA,200,1,09:00,11:00,120,V0146
384,SP,SA,SP->SA,200,1,10:00,12:00,120,V0189
385,SP,SA,SP->SA,100,1,16:00,18:00,120,V0484
386,SP,SA,SP->SA,200,1,19:00,21:00,120,V0556
387,SP,SA,SP->SA,200,1,20:00,22:00,120,V0581
388,SP,SA,SP->SA,200,1,06:00,08:00,120,V0010
389,SP,BR,SP->BR,200,1,07:00,09:00,120,V0063
390,SP,BR,SP->BR,200,1,08:00,10:00,120,V0125
391,SP,BR,SP->BR,200,1,09:00,11:00,120,V0157
392,SP,BR,SP->BR,200,1,14:00,16:00,120,V0385
393,SP,BR,SP->BR,200,1,16:00,18:00,120,V0488
394,SP,BR,SP->BR,200,1,17:00,19:00,120,V0514
395,SP,BR,SP->BR,200,1,20:00,22:00,120,V0580
396,SP,BR,SP->BR,200,1,06:00,08:00,120,V0011
397,SP,BR,SP->BR,200,2,18:00,21:00,180,V0541 | V0573
398,SP,BR,SP->BR,200,2,16:00,19:00,180,V0492 | V0547
399,SP,BR,SP->BR,200,2,13:00,16:00,180,V0376 | V0438
400,SP,BR,SP->BR,200,2,11:00,14:00,180,V0259 | V0358
401,SP,BR,SP->BR,100,2,09:00,12:00,180,V0159 | V0268
402,SP,BH,SP->BH,100,1,09:00,10:00,60,V0159
403,SP,CI,SP->CI,200,1,07:00,10:00,180,V0057
404,SP,CI,SP->CI,200,1,08:00,11:00,180,V0113
405,SP,CI,SP->CI,200,1,09:00,12:00,180,V0179
406,SP,CI,SP->CI,200,1,12:00,15:00,180,V0321
407,SP,RJ,SP->RJ,200,1,07:00,08:00,60,V0051
408,SP,RJ,SP->RJ,200,1,08:00,09:00,60,V0098
409,SP,RJ,SP->RJ,200,1,09:00,10:00,60,V0139
410,SP,RJ,SP->RJ,200,1,10:00,11:00,60,V0188
411,SP,RJ,SP->RJ,200,1,11:00,12:00,60,V0281
412,SP,RJ,SP->RJ,200,1,12:00,13:00,60,V0328
413,SP,RJ,SP->RJ,200,1,13:00,14:00,60,V0373
414,SP,RJ,SP->RJ,200,1,14:00,15:00,60,V0404
415,SP,RJ,SP->RJ,200,1,17:00,18:00,60,V0527
416,SP,RJ,SP->RJ,200,1,18:00,19:00,60,V0530
417,SP,RJ,SP->RJ,200,1,19:00,20:00,60,V0560
418,SP,RJ,SP->RJ,200,1,20:00,21:00,60,V0574
419,SP,RJ,SP->RJ,200,1,06:00,07:00,60,V0012
420,SP,RJ,SP->RJ,200,2,06:00,10:00,240,V0015 | V0129
421,SP,CR,SP->CR,200,1,08:00,09:00,60,V0110
422,SP,CR,SP->CR,200,1,09:00,10:00,60,V0178
423,SP,CR,SP->CR,200,1,11:00,12:00,60,V0270
424,SP,CR,SP->CR,200,1,14:00,15:00,60,V0421
425,SP,CR,SP->CR,100,1,15:00,16:00,60,V0434
426,SP,CR,SP->CR,200,1,19:00,20:00,60,V0562
427,SP,CR,SP->CR,200,1,20:00,21:00,60,V0572
428,SP,CR,SP->CR,200,1,07:00,08:00,60,V0045
429,SP,FL,SP->FL,200,1,07:00,08:00,60,V0035
430,SP,FL,SP->FL,200,1,08:00,09:00,60,V0114
431,SP,FL,SP->FL,200,1,09:00,10:00,60,V0170
432,SP,FL,SP->FL,200,1,10:00,11:00,60,V0228
433,SP,FL,SP->FL,200,1,12:00,13:00,60,V0332
434,SP,FL,SP->FL,200,1,13:00,14:00,60,V0337
435,SP,PA,SP->PA,200,1,09:00,11:00,120,V0152
436,SP,PA,SP->PA,200,1,10:00,12:00,120,V0190
437,SP,PA,SP->PA,200,1,17:00,19:00,120,V0509
438,SP,PA,SP->PA,200,1,18:00,20:00,120,V0543
439,SP,PA,SP->PA,200,1,07:00,09:00,120,V0031
440,SP,PA,SP->PA,100,2,16:00,19:00,180,V0495 | V0529
441,CR,MA,CR->MA,100,1,11:00,16:00,300,V0244
442,CR,BE,CR->BE,200,1,06:00,11:00,300,V0019
443,CR,FO,CR->FO,200,1,09:00,14:00,300,V0167
444,CR,FO,CR->FO,100,1,16:00,21:00,300,V0487
445,CR,NA,CR->NA,200,1,10:00,15:00,300,V0214
446,CR,RE,CR->RE,200,1,18:00,22:00,240,V0535
447,CR,SA,CR->SA,200,1,10:00,13:00,180,V0204
448,CR,SA,CR->SA,200,1,13:00,16:00,180,V0333
449,CR,BR,CR->BR,200,1,10:00,13:00,180,V0192
450,CR,BR,CR->BR,200,1,11:00,14:00,180,V0240
451,CR,BR,CR->BR,100,1,13:00,16:00,180,V0336
452,CR,BH,CR->BH,200,1,07:00,09:00,120,V0039
453,CR,BH,CR->BH,100,1,10:00,12:00,120,V0203
454,CR,CI,CR->CI,200,1,17:00,20:00,180,V0499
455,CR,RJ,CR->RJ,200,1,08:00,10:00,120,V0117
456,CR,RJ,CR->RJ,200,1,11:00,13:00,120,V0267
457,CR,RJ,CR->RJ,200,1,12:00,14:00,120,V0310
458,CR,SP,CR->SP,200,1,07:00,08:00,60,V0047
459,CR,SP,CR->SP,100,1,09:00,10:00,60,V0168
460,CR,SP,CR->SP,200,1,15:00,16:00,60,V0442
461,CR,SP,CR->SP,200,1,06:00,07:00,60,V0029
462,CR,SP,CR->SP,100,2,08:00,11:00,180,V0123 | V0232
463,CR,FL,CR->FL,100,1,08:00,09:00,60,V0123
464,CR,FL,CR->FL,200,1,09:00,10:00,60,V0147
465,CR,PA,CR->PA,200,1,09:00,10:00,60,V0144
466,CR,PA,CR->PA,200,1,15:00,16:00,60,V0441
467,CR,PA,CR->PA,100,1,16:00,17:00,60,V0474
468,FL,MA,FL->MA,100,1,07:00,13:00,360,V0056
469,FL,BE,FL->BE,150,1,09:00,14:00,300,V0160
470,FL,FO,FL->FO,200,1,10:00,15:00,300,V0224
471,FL,NA,FL->NA,200,1,10:00,15:00,300,V0219
472,FL,NA,FL->NA,200,1,14:00,19:00,300,V0407
473,FL,NA,FL->NA,100,1,15:00,20:00,300,V0436
474,FL,RE,FL->RE,200,1,07:00,11:00,240,V0061
475,FL,RE,FL->RE,100,1,10:00,14:00,240,V0198
476,FL,SA,FL->SA,200,1,07:00,10:00,180,V0064
477,FL,BR,FL->BR,200,1,07:00,10:00,180,V0066
478,FL,BR,FL->BR,200,1,09:00,12:00,180,V0187
479,FL,BR,FL->BR,200,1,12:00,15:00,180,V0325
480,FL,BH,FL->BH,200,1,07:00,09:00,120,V0067
481,FL,BH,FL->BH,200,1,12:00,14:00,120,V0322
482,FL,CI,FL->CI,200,1,07:00,10:00,180,V0074
483,FL,RJ,FL->RJ,200,1,12:00,14:00,120,V0317
484,FL,RJ,FL->RJ,200,1,13:00,15:00,120,V0367
485,FL,RJ,FL->RJ,200,1,15:00,17:00,120,V0439
486,FL,SP,FL->SP,200,1,07:00,08:00,60,V0080
487,FL,SP,FL->SP,100,1,10:00,11:00,60,V0232
488,FL,SP,FL->SP,200,1,12:00,13:00,60,V0311
489,FL,SP,FL->SP,100,1,18:00,19:00,60,V0544
490,FL,CR,FL->CR,200,1,08:00,09:00,60,V0130
491,FL,CR,FL->CR,200,1,09:00,10:00,60,V0158
492,FL,CR,FL->CR,100,1,10:00,11:00,60,V0227
493,FL,PA,FL->PA,200,1,11:00,12:00,60,V0275
494,FL,PA,FL->PA,100,1,12:00,13:00,60,V0293
495,PA,MA,PA->MA,100,1,07:00,13:00,360,V0090
496,PA,BE,PA->BE,200,1,14:00,20:00,360,V0381
497,PA,BE,PA->BE,50,1,06:00,12:00,360,V0004
498,PA,FO,PA->FO,200,1,12:00,18:00,360,V0303
499,PA,NA,PA->NA,200,1,07:00,13:00,360,V0081
500,PA,NA,PA->NA,200,1,11:00,17:00,360,V0254
501,PA,RE,PA->RE,200,1,07:00,12:00,300,V0076
502,PA,RE,PA->RE,100,1,09:00,14:00,300,V0155
503,PA,SA,PA->SA,200,1,13:00,17:00,240,V0370
504,PA,SA,PA->SA,200,1,15:00,19:00,240,V0430
505,PA,BR,PA->BR,200,1,07:00,11:00,240,V0048
506,PA,BR,PA->BR,200,1,08:00,12:00,240,V0108
507,PA,BR,PA->BR,100,1,13:00,17:00,240,V0343
508,PA,BH,PA->BH,200,1,08:00,11:00,180,V0101
509,PA,BH,PA->BH,100,1,17:00,20:00,180,V0501
510,PA,CI,PA->CI,200,1,06:00,10:00,240,V0002
511,PA,RJ,PA->RJ,200,1,07:00,10:00,180,V0032
512,PA,RJ,PA->RJ,200,1,13:00,16:00,180,V0375
513,PA,RJ,PA->RJ,200,1,18:00,21:00,180,V0534
514,PA,RJ,PA->RJ,100,1,06:00,09:00,180,V0017
515,PA,SP,PA->SP,200,1,10:00,12:00,120,V0236
516,PA,SP,PA->SP,200,1,12:00,14:00,120,V0316
517,PA,SP,PA->SP,200,1,15:00,17:00,120,V0433
518,PA,SP,PA->SP,200,1,17:00,19:00,120,V0517
519,PA,CR,PA->CR,200,1,09:00,10:00,60,V0150
520,PA,CR,PA->CR,100,1,11:00,12:00,60,V0256
521,PA,FL,PA->FL,200,1,06:00,07:00,60,V0007
522,PA,FL,PA->FL,100,1,07:00,08:00,60,V0079
